Date,ret,vol,regime,regime_name,regime_encoded
2019-01-31,0.003798454095362369,0.01196755391824429,0,Bull,2
2019-02-01,0.005081221119771423,0.009950734694149924,0,Bull,2
2019-02-04,0.003703247218510447,0.007219843790850297,0,Bull,2
2019-02-05,0.003588146494925165,0.007182598351305169,0,Bull,2
2019-02-06,0.002992160344743172,0.007143601000744854,0,Bull,2
2019-02-07,0.0023194010650195553,0.007649629539095063,0,Bull,2
2019-02-08,0.002127290180220798,0.007639737199343326,0,Bull,2
2019-02-11,0.0021700602272478496,0.0076287253939551014,0,Bull,2
2019-02-12,0.0030774477228414253,0.007776609438131291,0,Bull,2
2019-02-13,0.0026925630251321718,0.007566001330018417,0,Bull,2
2019-02-14,0.002448881672971298,0.007659856442725808,0,Bull,2
2019-02-15,0.002613249284290092,0.007809816713340356,0,Bull,2
2019-02-19,0.0020290337979140317,0.007404005750980062,0,Bull,2
2019-02-20,0.0028257546438307914,0.006353355117628282,0,Bull,2
2019-02-21,0.0025392871655755987,0.00651014768799206,0,Bull,2
2019-02-22,0.0027910560076067625,0.006559957325042352,0,Bull,2
2019-02-25,0.0024282144330666335,0.006427583186011279,0,Bull,2
2019-02-26,0.002781032952918533,0.006014265621293175,0,Bull,2
2019-02-27,0.0028266428124091914,0.00598382230365683,0,Bull,2
2019-02-28,0.0019079043506612437,0.005299039890770615,0,Bull,2
2019-03-01,0.0018228005828966943,0.005198667954025082,0,Bull,2
2019-03-04,0.0015838421536138014,0.005350990933763441,0,Bull,2
2019-03-05,0.0011884536815882918,0.005238092439104831,0,Bull,2
2019-03-06,0.0006268277300599367,0.005439134312937005,0,Bull,2
2019-03-07,0.00033176375113980747,0.005752965081071909,0,Bull,2
2019-03-08,0.0006930363158997421,0.005323329587072475,0,Bull,2
2019-03-11,0.0013925283549397927,0.006172424834583663,0,Bull,2
2019-03-12,0.0015047391102392283,0.00617974155580758,0,Bull,2
2019-03-13,0.0012077070637326436,0.005730102406691528,0,Bull,2
2019-03-14,0.0010131062111936706,0.00573126127600967,0,Bull,2
2019-03-15,0.0013949334339624308,0.005728638639841202,0,Bull,2
2019-03-18,0.0010362931485963234,0.005313112937644188,0,Bull,2
2019-03-19,0.0009548279047226383,0.005318137637493709,0,Bull,2
2019-03-20,0.0007187546868118178,0.005384099527744651,0,Bull,2
2019-03-21,0.0014377005788535513,0.005735921539210733,0,Bull,2
2019-03-22,0.00016842039713007017,0.007199477086380739,0,Bull,2
2019-03-25,6.487623571072577e-05,0.007198269296330868,0,Bull,2
2019-03-26,0.00046353538367103206,0.007367210935016107,0,Bull,2
2019-03-27,0.0002585216085229658,0.0074532738790633775,0,Bull,2
2019-03-28,0.0005792711007532536,0.007451601691119628,0,Bull,2
2019-03-29,0.0005712190719497246,0.0074445011298168474,0,Bull,2
2019-04-01,0.0013436770027891952,0.007753374768764263,0,Bull,2
2019-04-02,0.0014011264293048663,0.007738311308724043,0,Bull,2
2019-04-03,0.001834750206070701,0.007510471200202407,0,Bull,2
2019-04-04,0.0023452678379888847,0.007135439110301887,0,Bull,2
2019-04-05,0.002683673918938012,0.007072151673992506,0,Bull,2
2019-04-08,0.002002744823246183,0.006489335472062413,0,Bull,2
2019-04-09,0.0015517041933228338,0.006728863362142439,0,Bull,2
2019-04-10,0.001378118580829668,0.006626282667593482,0,Bull,2
2019-04-11,0.001423425853281024,0.006613201317299409,0,Bull,2
2019-04-12,0.0015046469186974498,0.006668984327962592,0,Bull,2
2019-04-15,0.0012878811182101269,0.006664123276768516,0,Bull,2
2019-04-16,0.0013198770962061014,0.006658488392067539,0,Bull,2
2019-04-17,0.0013534041871622992,0.006637542112745531,0,Bull,2
2019-04-18,0.0008897347486400697,0.0062517409262765515,0,Bull,2
2019-04-22,0.001889060688687777,0.004155244388162598,0,Bull,2
2019-04-23,0.0023730720110320125,0.004378533863181219,0,Bull,2
2019-04-24,0.0019043475591800142,0.0043381448551335754,0,Bull,2
2019-04-25,0.0021181151210773073,0.004097107207754281,0,Bull,2
2019-04-26,0.0021729056516459344,0.004125051200083531,0,Bull,2
2019-04-29,0.0018897677594955143,0.0039875362978271656,0,Bull,2
2019-04-30,0.0013589086037360588,0.0032740844129836256,0,Bull,2
2019-05-01,0.000982927664304628,0.0038221295271441955,0,Bull,2
2019-05-02,0.0007693095306297026,0.0038726218069088073,0,Bull,2
2019-05-03,0.001146991745678083,0.004346943640844163,0,Bull,2
2019-05-06,0.0006916206857282114,0.004438235233966861,0,Bull,2
2019-05-07,-0.00018633488158898426,0.0058699526443661875,0,Bull,2
2019-05-08,3.6768572439865865e-05,0.00571747466482596,0,Bull,2
2019-05-09,-0.0002881962528838933,0.00569625975779896,0,Bull,2
2019-05-10,-0.00010408754324491842,0.005766435298305711,0,Bull,2
2019-05-13,-0.0016410816136172568,0.007666530390208345,1,Volatile,1
2019-05-14,-0.0012088159310363945,0.007964512063715066,1,Volatile,1
2019-05-15,-0.000942335077499018,0.00811280531444353,1,Volatile,1
2019-05-16,-0.00038388013220279625,0.008395810775875213,0,Bull,2
2019-05-17,-0.0007547014137163855,0.008468019888980277,1,Volatile,1
2019-05-20,-0.0011427711875593549,0.008560136322691363,1,Volatile,1
2019-05-21,-0.0011600396974573934,0.008539258330095017,1,Volatile,1
2019-05-22,-0.0011916713502531818,0.008544451390847899,1,Volatile,1
2019-05-23,-0.0017689301648794009,0.008869746043888772,1,Volatile,1
2019-05-24,-0.0019355168215555718,0.008772905158720598,1,Volatile,1
2019-05-28,-0.0024078767764206753,0.008856411099262444,1,Volatile,1
2019-05-29,-0.002801043239715556,0.008873954251621982,1,Volatile,1
2019-05-30,-0.002321011516111399,0.008865932206371671,1,Volatile,1
2019-05-31,-0.0028745808669466133,0.009192601309087162,1,Volatile,1
2019-06-03,-0.0034947568517026627,0.008709711387048652,1,Volatile,1
2019-06-04,-0.0021995889018551875,0.010331815526547257,1,Volatile,1
2019-06-05,-0.00096591359316342,0.010000702913557546,1,Volatile,1
2019-06-06,-0.0005788629900655596,0.01012369103954086,1,Volatile,1
2019-06-07,9.709313020401234e-05,0.010399592689553155,0,Bull,2
2019-06-10,0.00014408049056011119,0.010418929621150827,0,Bull,2
2019-06-11,0.001333114338723279,0.008721533324162168,0,Bull,2
2019-06-12,0.0008304381546303697,0.008605033456682135,0,Bull,2
2019-06-13,0.0007433584965316709,0.008560377626704046,0,Bull,2
2019-06-14,0.00021801854529465703,0.008353672593373968,0,Bull,2
2019-06-17,0.0005564726748942872,0.008231659585542573,0,Bull,2
2019-06-18,0.001379811564195338,0.00828579496811206,0,Bull,2
2019-06-19,0.0011042779619927778,0.008126806029379196,0,Bull,2
2019-06-20,0.0017191070330595081,0.00827768605884589,0,Bull,2
2019-06-21,0.0022518533906970505,0.007675010791587326,0,Bull,2
2019-06-24,0.002097581089811701,0.007724865109695281,0,Bull,2
2019-06-25,0.002041545068772327,0.007808449135389726,0,Bull,2
2019-06-26,0.0023254439938275085,0.007565218442440594,0,Bull,2
2019-06-27,0.0024116792020010104,0.007572321567797845,0,Bull,2
2019-06-28,0.0033593204738204263,0.006645594790833789,0,Bull,2
2019-07-01,0.0038811975411534973,0.006548439409646343,0,Bull,2
2019-07-02,0.002955985307115,0.005080941855943784,0,Bull,2
2019-07-03,0.002931511501697909,0.005055662499052162,0,Bull,2
2019-07-05,0.002534437084343011,0.00510241617490378,0,Bull,2
2019-07-08,0.0017677799899561975,0.004993705201824277,0,Bull,2
2019-07-09,0.0015966056148777109,0.004947810424693322,0,Bull,2
2019-07-10,0.0018396341070363864,0.004966506520609715,0,Bull,2
2019-07-11,0.002055774400890514,0.004882239515639537,0,Bull,2
2019-07-12,0.0020819140326513498,0.00489512814921851,0,Bull,2
2019-07-15,0.0021712830874362097,0.004840156519733166,0,Bull,2
2019-07-16,0.0019545066992653847,0.004993259748061533,0,Bull,2
2019-07-17,0.0011420745272611888,0.004985583119943374,0,Bull,2
2019-07-18,0.0011719162391445714,0.004998963996262735,0,Bull,2
2019-07-19,0.0003894702534719796,0.004854010542706536,0,Bull,2
2019-07-22,0.000593866138851279,0.004866983412730321,0,Bull,2
2019-07-23,0.0010228346230623908,0.005026672730760149,0,Bull,2
2019-07-24,0.00173206188789361,0.004429574949741227,0,Bull,2
2019-07-25,0.0015306385116563182,0.004657283530567052,0,Bull,2
2019-07-26,0.0017088642889114658,0.0048151600408813215,0,Bull,2
2019-07-29,0.0013401859271592487,0.0047709399967472785,0,Bull,2
2019-07-30,0.0008276381298084612,0.00460253378471148,0,Bull,2
2019-07-31,0.0001369555298025127,0.0052602198584318334,0,Bull,2
2019-08-01,-0.0006966030973346471,0.005323786057161917,0,Bull,2
2019-08-02,-0.0009704450137660248,0.005521051239227759,1,Volatile,1
2019-08-05,-0.002217563792673244,0.008469694138780137,1,Volatile,1
2019-08-06,-0.001628540782443616,0.00910812593251618,1,Volatile,1
2019-08-07,-0.0018157314511637102,0.00901328921799312,1,Volatile,1
2019-08-08,-0.0009918776175824983,0.010095885628650124,1,Volatile,1
2019-08-09,-0.0015537166627229205,0.010079788029091095,1,Volatile,1
2019-08-12,-0.0021783762311994026,0.010350438974793466,1,Volatile,1
2019-08-13,-0.001251602888981046,0.011041688228942234,1,Volatile,1
2019-08-14,-0.0023896783560956314,0.012667791469261627,1,Volatile,1
2019-08-15,-0.002445564843916265,0.01264249993401158,1,Volatile,1
2019-08-16,-0.0014154218848875355,0.013151609219522712,1,Volatile,1
2019-08-19,-0.000951563356019336,0.013468952732370837,1,Volatile,1
2019-08-20,-0.0016896738697636748,0.013423477981251666,1,Volatile,1
2019-08-21,-0.0015117413376292022,0.013535584943094857,1,Volatile,1
2019-08-22,-0.001273925016615335,0.013507974093863659,1,Volatile,1
2019-08-23,-0.002940626409307978,0.014409405471632707,1,Volatile,1
2019-08-26,-0.002310671292190436,0.014741927648738735,1,Volatile,1
2019-08-27,-0.0023418975782394714,0.014743186546405156,1,Volatile,1
2019-08-28,-0.0014703472643206982,0.01472675570255937,1,Volatile,1
2019-08-29,-0.00038604298116160505,0.014940084296188294,1,Volatile,1
2019-08-30,1.0233378146373706e-05,0.01485237819094119,1,Volatile,1
2019-09-03,0.0011541693528426267,0.01322976826954593,0,Bull,2
2019-09-04,0.0010454224549873992,0.013135729743957903,0,Bull,2
2019-09-05,0.0016575693254411994,0.01340458506569212,0,Bull,2
2019-09-06,0.0007649844126284777,0.012785738324858647,0,Bull,2
2019-09-09,0.001091114217391731,0.012670209075497853,0,Bull,2
2019-09-10,0.0017230955440314388,0.012275278229050824,0,Bull,2
2019-09-11,0.0013279951873963914,0.011943676361982306,0,Bull,2
2019-09-12,0.0029365904880365723,0.009523933828029725,0,Bull,2
2019-09-13,0.002777156368549233,0.009558882556609617,0,Bull,2
2019-09-16,0.0018990708024586966,0.009233559676320778,0,Bull,2
2019-09-17,0.0014228651463381536,0.008919717429346564,0,Bull,2
2019-09-18,0.0018357361258824977,0.008651841021558108,0,Bull,2
2019-09-19,0.001424394932174594,0.008525639176898758,0,Bull,2
2019-09-20,0.0012049198493942481,0.008633764451157475,0,Bull,2
2019-09-23,0.002497389891163271,0.0058372235669984845,0,Bull,2
2019-09-24,0.0015274219382971298,0.005963390314899272,0,Bull,2
2019-09-25,0.0019955095571877134,0.005939897590468948,0,Bull,2
2019-09-26,0.0015467897285604438,0.005917020975212998,0,Bull,2
2019-09-27,0.0006466075143729766,0.005486811851985497,0,Bull,2
2019-09-30,0.0008668484851796276,0.005574356885247303,0,Bull,2
2019-10-01,0.0005988848419870074,0.006073761661786356,0,Bull,2
2019-10-02,-0.0008383792679295454,0.006871032613668269,1,Volatile,1
2019-10-03,-0.0010902743201921194,0.006413761799132361,1,Volatile,1
2019-10-04,-0.0004249596986055981,0.007265794374907366,0,Bull,2
2019-10-07,-0.0006441739193022933,0.0073212110353823205,1,Volatile,1
2019-10-08,-0.0014383300971137825,0.008037284940202649,1,Volatile,1
2019-10-09,-0.0013445895290907228,0.008153791429406617,1,Volatile,1
2019-10-10,-0.0011677624150939203,0.008287462446770892,1,Volatile,1
2019-10-11,-0.0005845928213325357,0.00871940817951234,1,Volatile,1
2019-10-14,-0.0004971694248049497,0.008701231377669481,1,Volatile,1
2019-10-15,-0.00012847321124907497,0.008989996240760549,0,Bull,2
2019-10-16,-0.00024558495066939745,0.00899878710345528,0,Bull,2
2019-10-17,-0.00010844210805657228,0.009023912974897297,0,Bull,2
2019-10-18,-5.963052974276572e-05,0.008999262471001843,0,Bull,2
2019-10-21,0.000288797069024993,0.009131669954867352,0,Bull,2
2019-10-22,0.0005311823162096885,0.008950994012714077,0,Bull,2
2019-10-23,0.00036561116896544066,0.008871698037765002,0,Bull,2
2019-10-24,0.0005830793072453877,0.008852878733896036,0,Bull,2
2019-10-25,0.0010525319570628745,0.008772151570780722,0,Bull,2
2019-10-28,0.0010792185167237123,0.008785746345087673,0,Bull,2
2019-10-29,0.001650516919629419,0.00822650641754314,0,Bull,2
2019-10-30,0.0027083455768618534,0.0068197619033044995,0,Bull,2
2019-10-31,0.0021586069188458566,0.006816277847301292,0,Bull,2
2019-11-01,0.0019308776479801503,0.006458927874175539,0,Bull,2
2019-11-04,0.0023399968341450026,0.006288487622758137,0,Bull,2
2019-11-05,0.0030587528334973303,0.00477391800475145,0,Bull,2
2019-11-06,0.002638653067398594,0.004579628028423905,0,Bull,2
2019-11-07,0.002454373057606257,0.004492976948163217,0,Bull,2
2019-11-08,0.0020354579864508226,0.004026641450905972,0,Bull,2
2019-11-11,0.0020066905605518105,0.004054340167077307,0,Bull,2
2019-11-12,0.0015871390327265532,0.003596814113222772,0,Bull,2
2019-11-13,0.0017226929022010173,0.003504427748802957,0,Bull,2
2019-11-14,0.0016264034604853372,0.00350079928999932,0,Bull,2
2019-11-15,0.002207145108305819,0.0034957836429099593,0,Bull,2
2019-11-18,0.00188872194858829,0.003334887329139866,0,Bull,2
2019-11-19,0.002037525545198615,0.0031392170491784596,0,Bull,2
2019-11-20,0.001707358893055333,0.003387052537338278,0,Bull,2
2019-11-21,0.0015321989645844137,0.003465135963909431,0,Bull,2
2019-11-22,0.0014373107238385419,0.0034175634947460473,0,Bull,2
2019-11-25,0.001533608398065761,0.003564453922845593,0,Bull,2
2019-11-26,0.0016850071831789881,0.003522731031883969,0,Bull,2
2019-11-27,0.0017310598933594323,0.0035502265529210745,0,Bull,2
2019-11-29,0.0016816419360283553,0.003625953490630805,0,Bull,2
2019-12-02,0.0007669752918006312,0.003809481577079369,0,Bull,2
2019-12-03,0.0002498660835336342,0.0040819966714107404,0,Bull,2
2019-12-04,0.0006253294178214297,0.0042833876546444745,0,Bull,2
2019-12-05,0.0006652171153796016,0.004287856161965547,0,Bull,2
2019-12-06,0.0009854985725449516,0.004672217244499181,0,Bull,2
2019-12-09,0.0006993236983714124,0.00474536959224253,0,Bull,2
2019-12-10,0.0007426003561205486,0.004723714374779671,0,Bull,2
2019-12-11,0.0008097759539047345,0.004745522555001669,0,Bull,2
2019-12-12,0.001202960513117124,0.0050527760982837875,0,Bull,2
2019-12-13,0.0011647374653561472,0.005058578019013752,0,Bull,2
2019-12-16,0.0011373523290026943,0.0050227177562240785,0,Bull,2
2019-12-17,0.0011289592972312467,0.005023973380856203,0,Bull,2
2019-12-18,0.0011369740109483106,0.0050212095482697035,0,Bull,2
2019-12-19,0.001547747823478851,0.0049351502822074355,0,Bull,2
2019-12-20,0.0018741244881029407,0.0049330668788955204,0,Bull,2
2019-12-23,0.0018086848835539627,0.004937545304549208,0,Bull,2
2019-12-24,0.0014235479059041879,0.004767121734209611,0,Bull,2
2019-12-26,0.0015701777202959733,0.004836711140150484,0,Bull,2
2019-12-27,0.0013631557380145098,0.004807901089036114,0,Bull,2
2019-12-30,0.0012746756009893057,0.0049268239100155944,0,Bull,2
2019-12-31,0.001853527719905257,0.004347821387758206,0,Bull,2
2020-01-02,0.0026043726095541066,0.004093407147956871,0,Bull,2
2020-01-03,0.0019352007078821064,0.004524628652861812,0,Bull,2
2020-01-06,0.002036856793461955,0.004537164188057359,0,Bull,2
2020-01-07,0.0014399086443942777,0.0043349071520157765,0,Bull,2
2020-01-08,0.0018431722825155094,0.004258666874411984,0,Bull,2
2020-01-09,0.00223078211761239,0.004329189710671025,0,Bull,2
2020-01-10,0.0019426152811134688,0.004471212858815711,0,Bull,2
2020-01-13,0.001862664754987653,0.004359266652010424,0,Bull,2
2020-01-14,0.001783309027140295,0.004407744551484224,0,Bull,2
2020-01-15,0.0015194296073742287,0.004223825440360937,0,Bull,2
2020-01-16,0.0019209926473807426,0.004479363124017322,0,Bull,2
2020-01-17,0.002135715768399049,0.004463520075907304,0,Bull,2
2020-01-21,0.0017801522857875895,0.004551065299268321,0,Bull,2
2020-01-22,0.0015473670352536607,0.004499452394809497,0,Bull,2
2020-01-23,0.0015611086858669688,0.004497681720725536,0,Bull,2
2020-01-24,0.0011187730471555802,0.005077215852287022,0,Bull,2
2020-01-27,7.582913043140405e-05,0.006223298975956322,0,Bull,2
2020-01-28,0.0005768091243274376,0.0066109708929837216,0,Bull,2
2020-01-29,0.000822506537305534,0.00645164681020532,0,Bull,2
2020-01-30,0.0008319233938402726,0.006455045988385185,0,Bull,2
2020-01-31,-0.00047230775880312547,0.007413916269882072,0,Bull,2
2020-02-03,0.0002434164639167291,0.007435409753818072,0,Bull,2
2020-02-04,0.0008157685275844761,0.008111799709990248,0,Bull,2
2020-02-05,0.0015184602551219727,0.008385882535738628,0,Bull,2
2020-02-06,0.0014396213305123474,0.008359765176258454,0,Bull,2
2020-02-07,0.0008368155166013913,0.008398463172749416,0,Bull,2
2020-02-10,0.0013458943413290458,0.008471158877031254,0,Bull,2
2020-02-11,0.0010815072063623087,0.008368075163202742,0,Bull,2
2020-02-12,0.0014803661683123026,0.008427724995928509,0,Bull,2
2020-02-13,0.0013053340372465693,0.008455508579171978,0,Bull,2
2020-02-14,0.0009791830519448486,0.00829304793460345,0,Bull,2
2020-02-18,0.0006400778076752767,0.008307605905125713,0,Bull,2
2020-02-19,0.001007965984101783,0.008317057679490278,0,Bull,2
2020-02-20,0.0008027361923644727,0.008386086055072756,0,Bull,2
2020-02-21,0.0002197822103844116,0.008758312245152526,0,Bull,2
2020-02-24,-0.0010037910744663757,0.011424049622660746,1,Volatile,1
2020-02-25,-0.0017312552697600625,0.012792471392430489,1,Volatile,1
2020-02-26,-0.002422861529778464,0.012492190622492388,1,Volatile,1
2020-02-27,-0.0045876799494389995,0.015578580508577506,1,Volatile,1
2020-02-28,-0.005156314911287363,0.015489184287416103,1,Volatile,1
2020-03-02,-0.0019690624422055492,0.01894410591779637,1,Volatile,1
2020-03-03,-0.0037371879428769296,0.019674109217731797,1,Volatile,1
2020-03-04,-0.002376079112356477,0.021857677432004285,1,Volatile,1
2020-03-05,-0.00463471275959359,0.022693424026069085,1,Volatile,1
2020-03-06,-0.005653689003451379,0.022774569630000886,1,Volatile,1
2020-03-09,-0.00918213119368742,0.027673109169484355,1,Volatile,1
2020-03-10,-0.007078635769853875,0.030453265660508624,1,Volatile,1
2020-03-11,-0.009606481654079329,0.03175759526245809,2,Bear,0
2020-03-12,-0.014685248026306042,0.036777830970707304,2,Bear,0
2020-03-13,-0.009960163252980003,0.043920389697071426,2,Bear,0
2020-03-16,-0.01604436753919842,0.05018126816743523,2,Bear,0
2020-03-17,-0.012900627920152697,0.05294038471702613,2,Bear,0
2020-03-18,-0.015727455350668818,0.05345768265825029,2,Bear,0
2020-03-19,-0.015301288960458131,0.05359144977621303,2,Bear,0
2020-03-20,-0.016943359424525083,0.05393918769503559,2,Bear,0
2020-03-23,-0.01673237148205415,0.053879179846457924,2,Bear,0
2020-03-24,-0.010526984715687564,0.05912796914955885,2,Bear,0
2020-03-25,-0.009761307113010365,0.05931880101011433,2,Bear,0
2020-03-26,-0.004432436818612567,0.060833487620642474,2,Bear,0
2020-03-27,-0.005704887424507099,0.06118244230754119,2,Bear,0
2020-03-30,-0.0063310484006275924,0.06068708234409274,2,Bear,0
2020-03-31,-0.005726289690301578,0.060518681912791694,2,Bear,0
2020-04-01,-0.010043540745609408,0.059997173395896906,2,Bear,0
2020-04-02,-0.0072059695315214055,0.06015023364999657,2,Bear,0
2020-04-03,-0.007110133187750373,0.06013524244859099,2,Bear,0
2020-04-06,0.00020491761875970348,0.06021629426519838,2,Bear,0
2020-04-07,-0.0023450503345399274,0.059092910391746745,2,Bear,0
2020-04-08,0.0018011945660052874,0.05856363401423219,2,Bear,0
2020-04-09,0.007281199122590942,0.05396505552777786,2,Bear,0
2020-04-13,0.002132403594974652,0.050146483635763586,2,Bear,0
2020-04-14,0.009653060672484176,0.04140872213049845,0,Bull,2
2020-04-15,0.005553796258812171,0.04020765694579954,0,Bull,2
2020-04-16,0.00843616886837829,0.03787609851089675,0,Bull,2
2020-04-17,0.009540458208760183,0.038083069345655154,0,Bull,2
2020-04-20,0.010814381422482543,0.03661834294573947,0,Bull,2
2020-04-21,0.010745335028869596,0.036699162885921684,0,Bull,2
2020-04-22,0.0072004604259480074,0.03127484778508402,0,Bull,2
2020-04-23,0.006596738747549752,0.03130329882362355,0,Bull,2
2020-04-24,0.0041719334475831815,0.028505269165760974,0,Bull,2
2020-04-27,0.006592004565935788,0.02714399541187613,0,Bull,2
2020-04-28,0.004654085056825835,0.02649644786995398,0,Bull,2
2020-04-29,0.006783916966661968,0.02645975111538583,0,Bull,2
2020-04-30,0.008530416168045857,0.02395570007128631,0,Bull,2
2020-05-01,0.005985997102377671,0.02503522026882007,0,Bull,2
2020-05-04,0.006955344738223968,0.02454482271425963,0,Bull,2
2020-05-05,0.0038908066248763084,0.01952936288670485,0,Bull,2
2020-05-06,0.0036219887445785525,0.019645621108646982,0,Bull,2
2020-05-07,0.0024943976400127353,0.018415537419549596,0,Bull,2
2020-05-08,0.002613604064279007,0.018504756118765165,0,Bull,2
2020-05-11,0.003125491016454962,0.018274590013364983,0,Bull,2
2020-05-12,0.000571845682698302,0.017799564907214092,1,Volatile,1
2020-05-13,0.0008002313789576887,0.017521422947712965,0,Bull,2
2020-05-14,0.0010856380406012388,0.017653429438834585,0,Bull,2
2020-05-15,-5.772353928801821e-05,0.016610480221414776,1,Volatile,1
2020-05-18,0.002411388443996754,0.017469698520488325,0,Bull,2
2020-05-19,0.0034209082689752647,0.015976693739380435,0,Bull,2
2020-05-20,0.003106950896737082,0.015631096510474625,0,Bull,2
2020-05-21,0.002745242182337382,0.015802674646806836,0,Bull,2
2020-05-22,0.0021670248834345317,0.01558238004188474,0,Bull,2
2020-05-26,0.0020457805949985588,0.015488767668230449,0,Bull,2
2020-05-27,0.0030492644907191948,0.015641117922153103,0,Bull,2
2020-05-28,0.00161467294930715,0.014653547136764674,0,Bull,2
2020-05-29,0.002315912055755104,0.014442201029496482,0,Bull,2
2020-06-01,0.003906425500356603,0.012548420700300385,0,Bull,2
2020-06-02,0.0041044757597604505,0.012585329592929757,0,Bull,2
2020-06-03,0.004334896897162132,0.012721905420408313,0,Bull,2
2020-06-04,0.004515432305125727,0.01257769684893821,0,Bull,2
2020-06-05,0.005250783306629964,0.013410194242641317,0,Bull,2
2020-06-08,0.005009285345753328,0.013232216297954591,0,Bull,2
2020-06-09,0.004612672893577164,0.013502188009257482,0,Bull,2
2020-06-10,0.0053720342163991516,0.012397364850916769,0,Bull,2
2020-06-11,0.003297967482888642,0.018423807631078884,0,Bull,2
2020-06-12,0.003374768546298601,0.018463066557369207,0,Bull,2
2020-06-15,0.003594061235840951,0.018495979737548567,0,Bull,2
2020-06-16,0.0029671215639470393,0.017695436297566564,0,Bull,2
2020-06-17,0.003311326545862997,0.01748572187081466,0,Bull,2
2020-06-18,0.0025084825270353995,0.017207404851973942,0,Bull,2
2020-06-19,0.0026146876069491065,0.017147052393121972,0,Bull,2
2020-06-22,0.002821756817509269,0.017168727098707075,0,Bull,2
2020-06-23,0.0024226685941634686,0.017029275413518962,0,Bull,2
2020-06-24,0.00038854643641454966,0.017878147680985387,1,Volatile,1
2020-06-25,0.0010419145271087337,0.01802032325674002,0,Bull,2
2020-06-26,-0.00041004751637913615,0.018851276999254346,1,Volatile,1
2020-06-29,0.00013667466459990618,0.019134742188792114,1,Volatile,1
2020-06-30,0.0004966268121749662,0.019360997343529106,1,Volatile,1
2020-07-01,6.528449652663526e-05,0.01914747592787571,1,Volatile,1
2020-07-02,0.00046078215030055935,0.01915450269420189,1,Volatile,1
2020-07-06,-5.571409724643428e-05,0.01855343264632562,1,Volatile,1
2020-07-07,-0.001198719669714754,0.018472927418598423,1,Volatile,1
2020-07-08,-0.0004173880328133983,0.018509497301730793,1,Volatile,1
2020-07-09,-0.0004339137871595844,0.018514245301411263,1,Volatile,1
2020-07-10,0.003036599240224547,0.012496851124348382,0,Bull,2
2020-07-13,0.0019154299856734003,0.012555911298353482,0,Bull,2
2020-07-14,0.0021701376727425335,0.012742784496495593,0,Bull,2
2020-07-15,0.0016761203000985603,0.012239079005864122,0,Bull,2
2020-07-16,0.0016858302156304295,0.012234748888684041,0,Bull,2
2020-07-17,0.0017985498312348912,0.012234547421544567,0,Bull,2
2020-07-20,0.00250137150906517,0.012187822072328318,0,Bull,2
2020-07-21,0.0022605685992762637,0.012152287658808837,0,Bull,2
2020-07-22,0.0023325517242550444,0.012169302097751623,0,Bull,2
2020-07-23,0.003009316029998621,0.010820869270209466,0,Bull,2
2020-07-24,0.002151823663873709,0.010837210142247684,0,Bull,2
2020-07-27,0.0037329258558649824,0.008923991000392787,0,Bull,2
2020-07-28,0.002674972326594155,0.008810685847579512,0,Bull,2
2020-07-29,0.002525897623923928,0.008606736287399176,0,Bull,2
2020-07-30,0.0020872783860112487,0.008695895605750258,0,Bull,2
2020-07-31,0.002243741093300111,0.00877020744592706,0,Bull,2
2020-08-03,0.0018087059718934761,0.008259002269849942,0,Bull,2
2020-08-04,0.002530229092401942,0.007709883669912033,0,Bull,2
2020-08-05,0.0024603431492911387,0.0076655472236298984,0,Bull,2
2020-08-06,0.0030639082352424073,0.007466527922061661,0,Bull,2
2020-08-07,0.0025722496490124037,0.007274730635880808,0,Bull,2
2020-08-10,0.0031774876201256185,0.006711246684283124,0,Bull,2
2020-08-11,0.002108712473280416,0.006698575199798262,0,Bull,2
2020-08-12,0.0023544374107461463,0.007048825553122169,0,Bull,2
2020-08-13,0.002422383755498081,0.0069967320877960554,0,Bull,2
2020-08-14,0.0022713590146288044,0.00701960906158223,0,Bull,2
2020-08-17,0.001986504202825612,0.0068715561710192274,0,Bull,2
2020-08-18,0.002017721793430782,0.006871504046883709,0,Bull,2
2020-08-19,0.0015101479189232546,0.006955938871727204,0,Bull,2
2020-08-20,0.0022840725485896497,0.0061506774450827365,0,Bull,2
2020-08-21,0.002765647903547891,0.00582042489906038,0,Bull,2
2020-08-24,0.0028980768789463483,0.005959763984469608,0,Bull,2
2020-08-25,0.0034015640442257742,0.005536720086019284,0,Bull,2
2020-08-26,0.00328992626729247,0.005364977560167836,0,Bull,2
2020-08-27,0.0035610910647071226,0.005121966585369514,0,Bull,2
2020-08-28,0.0035141940829643502,0.005086531607865664,0,Bull,2
2020-08-31,0.003045394775296606,0.005162295746667131,0,Bull,2
2020-09-01,0.0032410484070286684,0.005258161429099563,0,Bull,2
2020-09-02,0.003687856762109076,0.00588561455632906,0,Bull,2
2020-09-03,0.0016101797983588018,0.010439879290012092,0,Bull,2
2020-09-04,0.0011718769577128418,0.0106646577803384,0,Bull,2
2020-09-08,-0.00035305106212901174,0.012457995451289425,1,Volatile,1
2020-09-09,0.001052654862421526,0.013121850049483724,0,Bull,2
2020-09-10,-0.0005264124415993276,0.013379908628436892,1,Volatile,1
2020-09-11,-0.000397400114544727,0.013376912653194557,1,Volatile,1
2020-09-14,0.0002482854710615545,0.013696223718731113,1,Volatile,1
2020-09-15,0.000373761324392069,0.013731411875569451,0,Bull,2
2020-09-16,2.7644536880644388e-05,0.013767409078655202,1,Volatile,1
2020-09-17,-0.00017275398586893975,0.013864147454700233,1,Volatile,1
2020-09-18,-0.0008898147146962077,0.014052367767221739,1,Volatile,1
2020-09-21,-0.0016404249634603186,0.01420892301261035,1,Volatile,1
2020-09-22,-0.001616713620570065,0.014229827616737623,1,Volatile,1
2020-09-23,-0.0029826039328860023,0.014993686935299202,1,Volatile,1
2020-09-24,-0.0033430122827123486,0.014744812347466864,1,Volatile,1
2020-09-25,-0.002627828294476836,0.015335960406080176,1,Volatile,1
2020-09-28,-0.0021589270522869354,0.015774322807756903,1,Volatile,1
2020-09-29,-0.0022898121437477216,0.01578549358510384,1,Volatile,1
2020-09-30,-0.0022533763831673547,0.015810162007827554,1,Volatile,1
2020-10-01,-0.0027570265024431883,0.01537375944350901,1,Volatile,1
2020-10-02,-0.001479616925606947,0.01348847892681473,1,Volatile,1
2020-10-05,-0.00017433012858609765,0.014061690849058854,1,Volatile,1
2020-10-06,0.0005148111919206167,0.012931079784891445,0,Bull,2
2020-10-07,0.00037739961854278415,0.012724452776894962,0,Bull,2
2020-10-08,0.0016571456301765041,0.01209433372603295,0,Bull,2
2020-10-09,0.002070168676677564,0.012194558712875954,0,Bull,2
2020-10-12,0.002253867870392068,0.012389886045105046,0,Bull,2
2020-10-13,0.0016775539418033946,0.01251215498244623,0,Bull,2
2020-10-14,0.0015773441839388336,0.012573115038968857,0,Bull,2
2020-10-15,0.0019215747124539718,0.012377948678997172,0,Bull,2
2020-10-16,0.002487449780697265,0.012000279784427964,0,Bull,2
2020-10-19,0.002249511588321651,0.012336176457180265,0,Bull,2
2020-10-20,0.0019599810339364756,0.012199093568044182,0,Bull,2
2020-10-21,0.0030362687921828557,0.010667474938482505,0,Bull,2
2020-10-22,0.003147842104854609,0.010678601438804527,0,Bull,2
2020-10-23,0.00252129398375906,0.010245089568546955,0,Bull,2
2020-10-26,0.0007862886590780827,0.010748482915052484,0,Bull,2
2020-10-27,0.0008756409406403598,0.01070683623301771,0,Bull,2
2020-10-28,-0.0013014389088009171,0.013251933522472403,1,Volatile,1
2020-10-29,-0.000968717752553544,0.013507291452793196,1,Volatile,1
2020-10-30,-0.001096312650131509,0.0136045974111592,1,Volatile,1
2020-11-02,-0.001379037953875023,0.013241361268896851,1,Volatile,1
2020-11-03,0.0002096023355580401,0.013553114139590606,1,Volatile,1
2020-11-04,0.0004421169771813116,0.013898969483697777,0,Bull,2
2020-11-05,0.0010146205020047094,0.014451922162800099,0,Bull,2
2020-11-06,0.0005605580866030191,0.01433685749346653,0,Bull,2
2020-11-09,0.0003247619002050006,0.014099174606998315,0,Bull,2
2020-11-10,0.0005701181202496686,0.01402017095303619,0,Bull,2
2020-11-11,0.0012838679738628235,0.013998041055732746,0,Bull,2
2020-11-12,0.0008613291239739585,0.014213269499635136,0,Bull,2
2020-11-13,0.0015350999165543665,0.01449365326852475,0,Bull,2
2020-11-16,0.002933995567470887,0.014021094002598657,0,Bull,2
2020-11-17,0.002458032578910796,0.014118247700723556,0,Bull,2
2020-11-18,0.0019896260947686204,0.014432676275469443,0,Bull,2
2020-11-19,0.001926001948320094,0.014420490795126186,0,Bull,2
2020-11-20,0.0014140857348759305,0.01454489073091545,0,Bull,2
2020-11-23,0.0026253580804635247,0.013779961323119833,0,Bull,2
2020-11-24,0.0035847224397342835,0.014031449451444886,0,Bull,2
2020-11-25,0.005269895465888274,0.010759560324512777,0,Bull,2
2020-11-27,0.004792377881084065,0.01065906995119635,0,Bull,2
2020-11-30,0.0051690779555843,0.010150559046292394,0,Bull,2
2020-12-01,0.0051167271852595175,0.010114382859643308,0,Bull,2
2020-12-02,0.004316321018179048,0.00968208606690464,0,Bull,2
2020-12-03,0.0031827607724403016,0.008782289299152521,0,Bull,2
2020-12-04,0.0026515648219727463,0.008035472364117632,0,Bull,2
2020-12-07,0.0025691686977718066,0.008075547182020481,0,Bull,2
2020-12-08,0.0021235316392552604,0.0077858859929073165,0,Bull,2
2020-12-09,0.001796061288684886,0.008074266412328923,0,Bull,2
2020-12-10,0.0013492131193337475,0.007979881277980041,0,Bull,2
2020-12-11,0.0017848898695400684,0.007555449738020202,0,Bull,2
2020-12-14,0.0008864101504890032,0.007131751393365202,0,Bull,2
2020-12-15,0.0009500700462238276,0.007237763030652924,0,Bull,2
2020-12-16,0.0012783060894763609,0.007111409082240898,0,Bull,2
2020-12-17,0.0021443803076925507,0.006492964077166888,0,Bull,2
2020-12-18,0.0017715022588638274,0.006597326195608816,0,Bull,2
2020-12-21,0.0019158164520306387,0.006429565763654573,0,Bull,2
2020-12-22,0.0015303652781554268,0.006425883917182845,0,Bull,2
2020-12-23,0.000759572427025862,0.005425115878076984,0,Bull,2
2020-12-24,0.0010156227891419233,0.0054295102842056905,0,Bull,2
2020-12-28,0.0013319002802914426,0.005692098335280773,0,Bull,2
2020-12-29,0.0014503086860199854,0.0055859461991264545,0,Bull,2
2020-12-30,0.000953826684554715,0.0050860251809308685,0,Bull,2
2020-12-31,0.0011862106229594493,0.005230425352772416,0,Bull,2
2021-01-04,0.0004796771075614714,0.006327238989134878,0,Bull,2
2021-01-05,0.00039199310895834396,0.00621651932518444,0,Bull,2
2021-01-06,0.0007742671299178217,0.006300359760306109,0,Bull,2
2021-01-07,0.0013772799166550664,0.007037213588579384,0,Bull,2
2021-01-08,0.0020493331311484397,0.006734977630821726,0,Bull,2
2021-01-11,0.0017858509896319374,0.0069712260386846515,0,Bull,2
2021-01-12,0.0018698902769511028,0.006942584082908755,0,Bull,2
2021-01-13,0.002201635312444322,0.006786019838525221,0,Bull,2
2021-01-14,0.001367900294992047,0.006413808674372872,0,Bull,2
2021-01-15,0.0009197591378755476,0.00669115472296725,0,Bull,2
2021-01-19,0.0010386953759827845,0.0068018996499853,0,Bull,2
2021-01-20,0.0019110325725377408,0.007289002143287581,0,Bull,2
2021-01-21,0.0021221826905075515,0.0071718400806393915,0,Bull,2
2021-01-22,0.00207530675076007,0.0072036971738461955,0,Bull,2
2021-01-25,0.002218808135372946,0.007204405211873867,0,Bull,2
2021-01-26,0.0019675369977882216,0.007243555948842873,0,Bull,2
2021-01-27,0.0002475163617578935,0.009336918519684337,0,Bull,2
2021-01-28,0.0008469166868193878,0.009551994628706924,0,Bull,2
2021-01-29,-0.00018573443011037915,0.010559007536179445,1,Volatile,1
2021-02-01,0.00029491167446559776,0.011082255048805154,0,Bull,2
2021-02-02,0.0017275642247389978,0.010884602205138887,0,Bull,2
2021-02-03,0.001423872920909197,0.01081181731675093,0,Bull,2
2021-02-04,0.001681046895042626,0.01097901032830066,0,Bull,2
2021-02-05,0.0011335514632688337,0.010552623399978766,0,Bull,2
2021-02-08,0.0012289257470240677,0.010602588464446158,0,Bull,2
2021-02-09,0.001500987042346269,0.01046121626006071,0,Bull,2
2021-02-10,0.001462938373396666,0.010466753400270196,0,Bull,2
2021-02-11,0.001432279044678303,0.010465145479918718,0,Bull,2
2021-02-12,0.0018555032600640787,0.010415429303133349,0,Bull,2
2021-02-16,0.0021865410379150684,0.010216107934750373,0,Bull,2
2021-02-17,0.0017637019616775107,0.010131547118307003,0,Bull,2
2021-02-18,0.0008461289092124679,0.009796639733141701,0,Bull,2
2021-02-19,0.0007375479116060957,0.009814833894749003,0,Bull,2
2021-02-22,0.0005014365214602856,0.009965393048294417,0,Bull,2
2021-02-23,0.00038346048024580083,0.009940518069706509,0,Bull,2
2021-02-24,0.0010254828558896646,0.010223850177529597,0,Bull,2
2021-02-25,0.001085436664606454,0.010061239564379779,0,Bull,2
2021-02-26,0.0003598946573298234,0.00992500822446626,0,Bull,2
2021-03-01,0.0025150065913260634,0.010106700882744873,0,Bull,2
2021-03-02,0.0013083756260605594,0.00984263497011855,0,Bull,2
2021-03-03,-3.984664176019392e-05,0.009874055633486893,0,Bull,2
2021-03-04,-0.0007611457923128673,0.0103106777299125,1,Volatile,1
2021-03-05,-0.0003290134939447964,0.010982309849655356,1,Volatile,1
2021-03-08,-0.0007918498036841249,0.010989868125906105,1,Volatile,1
2021-03-09,-0.00045408510651169797,0.011352688126410037,1,Volatile,1
2021-03-10,-9.689318976920935e-05,0.011442873827461262,1,Volatile,1
2021-03-11,0.00044014040707054947,0.011680186008928867,0,Bull,2
2021-03-12,0.0004077875736875292,0.011677517970889902,0,Bull,2
2021-03-15,0.0004968319830934431,0.011718775479758392,0,Bull,2
2021-03-16,0.0004468114172920812,0.011725698595797945,0,Bull,2
2021-03-17,0.0006068006242799573,0.011736503999637165,0,Bull,2
2021-03-18,8.956543967472697e-05,0.01218874073596487,0,Bull,2
2021-03-19,0.00015217507316830358,0.012181440841801092,0,Bull,2
2021-03-22,0.0008900729499415838,0.012125520161412951,0,Bull,2
2021-03-23,0.0004457143348049142,0.01227333334517114,0,Bull,2
2021-03-24,-0.00039523315440978535,0.012061118882188561,1,Volatile,1
2021-03-25,0.0010907205141944987,0.010690675508013753,0,Bull,2
2021-03-26,0.002159791352915624,0.011135651920005698,0,Bull,2
2021-03-29,0.0009268525433139329,0.009912559839319927,0,Bull,2
2021-03-30,0.001173003481169077,0.009736670032153982,0,Bull,2
2021-03-31,0.0020074395267478673,0.00914954972298759,0,Bull,2
2021-04-01,0.0032695603120001136,0.008636460307757585,0,Bull,2
2021-04-05,0.0030166732229981843,0.008199307539478748,0,Bull,2
2021-04-06,0.003235958236908687,0.008020199747378656,0,Bull,2
2021-04-07,0.0026019877609668616,0.007601913183174293,0,Bull,2
2021-04-08,0.002511503735263809,0.0075696605125448796,0,Bull,2
2021-04-09,0.0023777261024789274,0.007445620660547152,0,Bull,2
2021-04-12,0.002317152235246539,0.0074621967449485654,0,Bull,2
2021-04-13,0.002157280510623755,0.007402057081408033,0,Bull,2
2021-04-14,0.002031378360951247,0.007489681876425191,0,Bull,2
2021-04-15,0.002442118780683028,0.007759044493783011,0,Bull,2
2021-04-16,0.0033605867244314745,0.006618994737584706,0,Bull,2
2021-04-19,0.003125393918442354,0.006846882437255457,0,Bull,2
2021-04-20,0.0024340220259879697,0.0071248561640458695,0,Bull,2
2021-04-21,0.003280867508792679,0.006867498192046985,0,Bull,2
2021-04-22,0.003093701435880336,0.007163116807899566,0,Bull,2
2021-04-23,0.0033781229705412085,0.007362980314042302,0,Bull,2
2021-04-26,0.002635676386555452,0.006672544643460047,0,Bull,2
2021-04-27,0.0026683322264164145,0.006656072753364766,0,Bull,2
2021-04-28,0.002783946877260313,0.006569060445033519,0,Bull,2
2021-04-29,0.002940962261983715,0.006627429552087573,0,Bull,2
2021-04-30,0.0019899668382701574,0.006650080547754828,0,Bull,2
2021-05-03,0.0014054600547456608,0.005978164109334696,0,Bull,2
2021-05-04,0.001120219711931858,0.0062285058721079445,0,Bull,2
2021-05-05,0.0010816312607709656,0.006228581372855967,0,Bull,2
2021-05-06,0.0012788724426415431,0.0063934936478087685,0,Bull,2
2021-05-07,0.001261542806053051,0.00637556077690184,0,Bull,2
2021-05-10,0.0007495643823820841,0.006889216925406882,0,Bull,2
2021-05-11,0.0001511444017941066,0.0071705833635471086,0,Bull,2
2021-05-12,-0.0007169392950396036,0.00861599547448751,1,Volatile,1
2021-05-13,-0.0006629917509517524,0.008696839620878907,1,Volatile,1
2021-05-14,-9.753488488224993e-05,0.009333550481976658,0,Bull,2
2021-05-17,4.129051018101348e-05,0.009272443254944977,0,Bull,2
2021-05-18,-4.445814919842306e-05,0.009346694228638113,0,Bull,2
2021-05-19,-0.0006569314956469896,0.009099804857259745,1,Volatile,1
2021-05-20,0.00033133846598826786,0.009194747811346249,0,Bull,2
2021-05-21,-0.00025429039502763984,0.008850824675537905,0,Bull,2
2021-05-24,0.00015216066823905972,0.00913147330377884,0,Bull,2
2021-05-25,5.6641273624941094e-05,0.009145495966121697,0,Bull,2
2021-05-26,0.00019275909798286973,0.00915161872028645,0,Bull,2
2021-05-27,-8.711551162783882e-05,0.009024831594981006,0,Bull,2
2021-05-28,0.00031106391789549327,0.008869071223366377,0,Bull,2
2021-06-01,0.00014904270439848876,0.008851789569721054,0,Bull,2
2021-06-02,0.0005553063267313863,0.008707225652137423,0,Bull,2
2021-06-03,0.0003386979715611249,0.0087570885430827,0,Bull,2
2021-06-04,0.0003721299337838324,0.008789756824270063,0,Bull,2
2021-06-07,-3.63740822871439e-05,0.008635753262497563,0,Bull,2
2021-06-08,0.0004941595270475552,0.008281936403332123,0,Bull,2
2021-06-09,0.0008366618012091764,0.008020344142928803,0,Bull,2
2021-06-10,0.0021417439850474227,0.006095804307150088,0,Bull,2
2021-06-11,0.0016305086481792018,0.005620446581492948,0,Bull,2
2021-06-14,0.0009753708979889752,0.004674075745703008,0,Bull,2
2021-06-15,0.0010012888186237245,0.004655013296537383,0,Bull,2
2021-06-16,0.0011576472359491718,0.0043617453925689316,0,Bull,2
2021-06-17,0.0012830320291874696,0.0042727861629704164,0,Bull,2
2021-06-18,9.907150238527284e-05,0.004814744667315336,0,Bull,2
2021-06-21,0.0008383800345283743,0.005721804531800776,0,Bull,2
2021-06-22,0.0005990400201323798,0.0054141590298601,0,Bull,2
2021-06-23,0.0006511400419892732,0.005391529543231575,0,Bull,2
2021-06-24,0.0008478616997201094,0.0055091010168838135,0,Bull,2
2021-06-25,0.0009561258385943683,0.005536873826518376,0,Bull,2
2021-06-28,0.0010334299571404526,0.0055449091240014235,0,Bull,2
2021-06-29,0.0010719134429378163,0.005536426886326178,0,Bull,2
2021-06-30,0.0010659746833536043,0.00553606713136992,0,Bull,2
2021-07-01,0.001508491193149264,0.005494618287379859,0,Bull,2
2021-07-02,0.001441790490819661,0.005408431368593757,0,Bull,2
2021-07-06,0.0013805346230510106,0.005441953288789524,0,Bull,2
2021-07-07,0.001539732145334849,0.0054513945733975595,0,Bull,2
2021-07-08,0.0012028742645932844,0.005862810448243099,0,Bull,2
2021-07-09,0.0015341595044199685,0.006242858423619138,0,Bull,2
2021-07-12,0.0016092964875038696,0.006257133845539584,0,Bull,2
2021-07-13,0.0013426957609208256,0.006360634833676722,0,Bull,2
2021-07-14,0.0015015271787093497,0.006311939212060054,0,Bull,2
2021-07-15,0.0016079213666435165,0.006206716153144894,0,Bull,2
2021-07-16,0.0012527644356922162,0.006524881548619078,0,Bull,2
2021-07-19,0.0011155122533167805,0.00686332078614283,0,Bull,2
2021-07-20,0.0011735282270735226,0.006981866944459441,0,Bull,2
2021-07-21,0.0013293946315043603,0.007108362763405829,0,Bull,2
2021-07-22,0.0014843922965787014,0.007086749864467906,0,Bull,2
2021-07-23,0.0017011024113755713,0.007289399094626557,0,Bull,2
2021-07-26,0.0016536825385411514,0.007281321132475353,0,Bull,2
2021-07-27,0.0013023120850834957,0.007416042962467447,0,Bull,2
2021-07-28,0.0012791321812877566,0.007420138677672386,0,Bull,2
2021-07-29,0.0014230318479508063,0.007448990064729575,0,Bull,2
2021-07-30,0.0008916481026631729,0.007542236305457739,0,Bull,2
2021-08-02,0.0004245037387229089,0.0073993691307353004,0,Bull,2
2021-08-03,0.0009357678690872284,0.007572671609166061,0,Bull,2
2021-08-04,0.0005361997085074844,0.007648532988984537,0,Bull,2
2021-08-05,0.0012645232958980457,0.007426996075918665,0,Bull,2
2021-08-06,0.0007843892175464883,0.007046218127667382,0,Bull,2
2021-08-09,0.000564835087274762,0.007027135325690373,0,Bull,2
2021-08-10,0.00079030968691155,0.006961315715409715,0,Bull,2
2021-08-11,0.000795850147533439,0.006961673656255179,0,Bull,2
2021-08-12,0.001166281204325942,0.006931418431858718,0,Bull,2
2021-08-13,0.001623589247670243,0.0066216517894384505,0,Bull,2
2021-08-16,0.0025481074041515004,0.0051858634958371844,0,Bull,2
2021-08-17,0.0014369419915113424,0.004698712856587719,0,Bull,2
2021-08-18,0.0004874274546902757,0.005148461750544778,0,Bull,2
2021-08-19,0.00044942856841935773,0.005139377480716131,0,Bull,2
2021-08-20,0.00034923435016511183,0.004956686988929378,0,Bull,2
2021-08-23,0.0006563138752461118,0.005269628134169848,0,Bull,2
2021-08-24,0.000966722930666647,0.0051173832610176785,0,Bull,2
2021-08-25,0.0010870419360083261,0.005117136894190669,0,Bull,2
2021-08-26,0.0005854883460273241,0.005284196585818034,0,Bull,2
2021-08-27,0.0012961723726224283,0.005390711541965368,0,Bull,2
2021-08-30,0.001603641195605976,0.0053776057197165075,0,Bull,2
2021-08-31,0.0011260140662576134,0.005181207324059965,0,Bull,2
2021-09-01,0.001373217892616324,0.005007021466897134,0,Bull,2
2021-09-02,0.0012150774724677571,0.004901860546142485,0,Bull,2
2021-09-03,0.001114562604093755,0.0049125269392604155,0,Bull,2
2021-09-07,0.0009917792975045413,0.004996548640930968,0,Bull,2
2021-09-08,0.0008762169938072772,0.005023183479909008,0,Bull,2
2021-09-09,0.0005821493715534864,0.00516861148342754,0,Bull,2
2021-09-10,-1.1298580526669655e-05,0.00541342146203252,0,Bull,2
2021-09-13,2.2160467605764068e-05,0.005426005602696693,0,Bull,2
2021-09-14,-0.0003962139928338049,0.005536549876172256,0,Bull,2
2021-09-15,0.00038052079689205877,0.00564107703497009,0,Bull,2
2021-09-16,0.0008403873117246053,0.005027610975831209,0,Bull,2
2021-09-17,0.0003220090775588713,0.005495167788992883,0,Bull,2
2021-09-20,-0.0009339348556487659,0.0064085205919302704,1,Volatile,1
2021-09-21,-0.0014007422996891506,0.006011049553865957,1,Volatile,1
2021-09-22,-0.0009995485549921135,0.006465157716944941,1,Volatile,1
2021-09-23,-0.0005038186769763531,0.007076256463197519,0,Bull,2
2021-09-24,-0.00013952228366131413,0.006974717157585447,0,Bull,2
2021-09-27,-0.0007187230387495525,0.006666802646072986,1,Volatile,1
2021-09-28,-0.0019522571087934426,0.007863086440229207,1,Volatile,1
2021-09-29,-0.0018063420958481734,0.007901849833465728,1,Volatile,1
2021-09-30,-0.0024174122333960268,0.008196499005473572,1,Volatile,1
2021-10-01,-0.0019849702724130725,0.008701234898613172,1,Volatile,1
2021-10-04,-0.002617513622964729,0.009028650826930416,1,Volatile,1
2021-10-05,-0.0019215091696351827,0.009490253349679876,1,Volatile,1
2021-10-06,-0.0016504411899371518,0.009585329751594427,1,Volatile,1
2021-10-07,-0.0010052467242472162,0.009807652533483247,1,Volatile,1
2021-10-08,-0.0007148039409903939,0.009683481745422355,1,Volatile,1
2021-10-11,-0.0011719165143160792,0.00975039540373809,1,Volatile,1
2021-10-12,-0.001005423616914408,0.009696448637842242,1,Volatile,1
2021-10-13,-0.0012779977417032018,0.009490383345837215,1,Volatile,1
2021-10-14,-0.0003472856219772835,0.010337150617203639,1,Volatile,1
2021-10-15,0.0004812685194286015,0.010261587737908997,0,Bull,2
2021-10-18,0.0014988725477042219,0.009413214298362376,0,Bull,2
2021-10-19,0.0019091574511025055,0.00948572263234308,0,Bull,2
2021-10-20,0.0016163783815403288,0.009327508615320694,0,Bull,2
2021-10-21,0.0011594361847967138,0.009003325641384863,0,Bull,2
2021-10-22,0.0010327580510916478,0.009016673049736787,0,Bull,2
2021-10-25,0.0014089870106333059,0.009006346975307096,0,Bull,2
2021-10-26,0.0025181823011142025,0.007407912316415665,0,Bull,2
2021-10-27,0.002187144686721043,0.007598043162628362,0,Bull,2
2021-10-28,0.003274094471803857,0.007007238998630758,0,Bull,2
2021-10-29,0.0027969873262522205,0.006737966064960523,0,Bull,2
2021-11-01,0.003536286090246349,0.005636192491785727,0,Bull,2
2021-11-02,0.003194078511486548,0.0053920504320540035,0,Bull,2
2021-11-03,0.003312002828545174,0.005438559527918023,0,Bull,2
2021-11-04,0.003106185913782428,0.00531644559338573,0,Bull,2
2021-11-05,0.0033885120511693402,0.005184116828645785,0,Bull,2
2021-11-08,0.0037761896391373616,0.004638079498932397,0,Bull,2
2021-11-09,0.00372208987227593,0.004719709822141658,0,Bull,2
2021-11-10,0.003159672978324751,0.00542496434997174,0,Bull,2
2021-11-11,0.0023340648832823442,0.004347062539414402,0,Bull,2
2021-11-12,0.0023221871657174873,0.004332619457102383,0,Bull,2
2021-11-15,0.002152911696845372,0.0043554066266483634,0,Bull,2
2021-11-16,0.001976506212518181,0.00420068504624541,0,Bull,2
2021-11-17,0.0016632234535941758,0.004300660741843966,0,Bull,2
2021-11-18,0.0016826688718766137,0.004307876610671957,0,Bull,2
2021-11-19,0.0016663632752821067,0.004319455803742995,0,Bull,2
2021-11-22,0.0012690966189913334,0.004385957187757459,0,Bull,2
2021-11-23,0.0012609635019626031,0.004385032970118427,0,Bull,2
2021-11-24,0.0016282344371718548,0.004128608858594059,0,Bull,2
2021-11-26,5.292264696754589e-07,0.006475413177975278,0,Bull,2
2021-11-29,0.000563072467363962,0.007111121372026786,0,Bull,2
2021-11-30,-0.00047499690651800486,0.008331653272823435,1,Volatile,1
2021-12-01,-0.001249774431683126,0.008639687429817767,1,Volatile,1
2021-12-02,-0.0008631165848718703,0.009160306202901671,1,Volatile,1
2021-12-03,-0.0014946418894442703,0.009229309403680268,1,Volatile,1
2021-12-06,-0.001094738243219162,0.009632217099040738,1,Volatile,1
2021-12-07,-0.00010377362006412927,0.010796103551534085,0,Bull,2
2021-12-08,0.00022542944034024127,0.010787511662092965,0,Bull,2
2021-12-09,0.00027766660160699066,0.010746886660628431,0,Bull,2
2021-12-10,0.000727573266294318,0.01094544334270447,0,Bull,2
2021-12-13,-9.03679156048387e-05,0.011045310026152251,1,Volatile,1
2021-12-14,-0.000463364803459404,0.011167760682114222,1,Volatile,1
2021-12-15,0.0001607969348348115,0.011755778006038154,0,Bull,2
2021-12-16,-0.00014629256544104185,0.011910932516249986,1,Volatile,1
2021-12-17,-0.0008299156080592395,0.01208863847297545,1,Volatile,1
2021-12-20,-0.0013293852226645753,0.012317573914579053,1,Volatile,1
2021-12-21,-0.0002806316672698539,0.013022921915632896,1,Volatile,1
2021-12-22,0.00014552154811183214,0.013227513764450199,1,Volatile,1
2021-12-23,0.00034201401240881445,0.01329014679750849,0,Bull,2
2021-12-27,0.0021702019066617007,0.012437580036963377,0,Bull,2
2021-12-28,0.001459684187378646,0.012177484960105006,0,Bull,2
2021-12-29,0.002477844461075257,0.011191596881896568,0,Bull,2
2021-12-30,0.0029191160522442526,0.01076420591908772,0,Bull,2
2021-12-31,0.00207808524998222,0.01049051014903413,0,Bull,2
2022-01-03,0.0028192160630456263,0.010227992443435835,0,Bull,2
2022-01-04,0.00220119133632003,0.010032742526972487,0,Bull,2
2022-01-05,0.00019619942806545776,0.010146021746696909,0,Bull,2
2022-01-06,-6.253288360758002e-06,0.010125715974430356,0,Bull,2
2022-01-07,0.00015028988312938972,0.01003272996439259,0,Bull,2
2022-01-10,-0.0003992153464674464,0.009788859921795224,1,Volatile,1
2022-01-11,0.0005155922675465274,0.00978430618640315,0,Bull,2
2022-01-12,0.0010300138685698013,0.009611252058230093,0,Bull,2
2022-01-13,-0.0004995901272890734,0.009478458131713038,1,Volatile,1
2022-01-14,-2.142034480260846e-05,0.009279830667001665,0,Bull,2
2022-01-18,-0.0004264335976483458,0.00990704779774847,1,Volatile,1
2022-01-19,-0.00034150779849478896,0.009814988661272443,1,Volatile,1
2022-01-20,-0.0017822734507808302,0.009104415908204594,1,Volatile,1
2022-01-21,-0.003237024405205202,0.009411680580047228,1,Volatile,1
2022-01-24,-0.003409622454119199,0.009259473174557064,1,Volatile,1
2022-01-25,-0.004710164529175298,0.008505279186465993,1,Volatile,1
2022-01-26,-0.004734488579131585,0.008494829909133117,1,Volatile,1
2022-01-27,-0.005073787773988464,0.008371457978075382,1,Volatile,1
2022-01-28,-0.0037069176498591926,0.01065105829587208,1,Volatile,1
2022-01-31,-0.0026313110675373398,0.011791136225119285,1,Volatile,1
2022-02-01,-0.0026068635161957954,0.011811280199598989,1,Volatile,1
2022-02-02,-0.0021042566459759495,0.012109945151469946,1,Volatile,1
2022-02-03,-0.0023541728603137914,0.012529808276684318,1,Volatile,1
2022-02-04,-0.0020481379162822387,0.012639820341643251,1,Volatile,1
2022-02-07,-0.0020307127110147983,0.01263715495981376,1,Volatile,1
2022-02-08,-0.001538600788758887,0.012851151432833061,1,Volatile,1
2022-02-09,-0.0012707396278192006,0.013138501154741525,1,Volatile,1
2022-02-10,-0.0023174136333936612,0.013620633111363085,1,Volatile,1
2022-02-11,-0.0025537055863002977,0.013876998721796764,1,Volatile,1
2022-02-14,-0.0027867344361024006,0.013856480643451009,1,Volatile,1
2022-02-15,-0.001079001092866011,0.013936972637052127,1,Volatile,1
2022-02-16,-0.0005504636116543171,0.013792940391711115,1,Volatile,1
2022-02-17,-0.001057251594556652,0.014372564376903969,1,Volatile,1
2022-02-18,-0.00046981857096836666,0.013834293659995615,1,Volatile,1
2022-02-22,-0.0011155527813791033,0.013975708572293194,1,Volatile,1
2022-02-23,-0.0014275636109711497,0.014301397687636866,1,Volatile,1
2022-02-24,-0.0006048890152170972,0.014763001598929239,1,Volatile,1
2022-02-25,0.0007829493054486048,0.015572553493477163,0,Bull,2
2022-02-28,-0.0005565632109875817,0.014558064082114911,1,Volatile,1
2022-03-01,-0.0022745359816471523,0.014164972520038569,1,Volatile,1
2022-03-02,-0.0016855515716711733,0.014795767919311621,1,Volatile,1
2022-03-03,-0.0024194106655424097,0.014578207713644556,1,Volatile,1
2022-03-04,-0.0015965586891869333,0.013711450795428147,1,Volatile,1
2022-03-07,-0.0033303130980805616,0.014948968995113077,1,Volatile,1
2022-03-08,-0.003506915142253403,0.01497442899390694,1,Volatile,1
2022-03-09,-0.002642063107264775,0.016151610217322507,1,Volatile,1
2022-03-10,-0.0035825141842234453,0.015639369806353515,1,Volatile,1
2022-03-11,-0.003324805156974214,0.015428325927054712,1,Volatile,1
2022-03-14,-0.0027473825630442263,0.015022766975615037,1,Volatile,1
2022-03-15,-0.001484924018186018,0.015957882265255408,1,Volatile,1
2022-03-16,-0.0011540720088629274,0.016396937679794527,1,Volatile,1
2022-03-17,-0.0005807415180850816,0.016670042846709244,1,Volatile,1
2022-03-18,0.0010610301309221081,0.016143848589927286,0,Bull,2
2022-03-21,0.0013976051826240566,0.01603308725715406,0,Bull,2
2022-03-22,0.0024699581258982085,0.01593753206910615,0,Bull,2
2022-03-23,0.002776929328714639,0.015569020591604593,0,Bull,2
2022-03-24,0.0027462821713765016,0.015544366640015725,0,Bull,2
2022-03-25,0.0018809568169687817,0.014860987559507278,0,Bull,2
2022-03-28,0.0023603347528305006,0.014868813204341799,0,Bull,2
2022-03-29,0.0037468373082276186,0.014403932140992493,0,Bull,2
2022-03-30,0.002500017711626673,0.014123192371288678,0,Bull,2
2022-03-31,0.001980123997472222,0.014606777724056589,0,Bull,2
2022-04-01,0.0025473372542068663,0.014420601163062322,0,Bull,2
2022-04-04,0.004427792104273293,0.012318010609568612,0,Bull,2
2022-04-05,0.004161893740092915,0.01263627296733019,0,Bull,2
2022-04-06,0.0023911355148575285,0.011920631448394399,0,Bull,2
2022-04-07,0.0028183954788655484,0.011821218150844002,0,Bull,2
2022-04-08,0.0033339214109365913,0.011310627243687955,0,Bull,2
2022-04-11,0.002861107029057064,0.011962725219259838,0,Bull,2
2022-04-12,0.001619805934626428,0.011200620854384958,0,Bull,2
2022-04-13,0.0010593467466291195,0.010355506467210911,0,Bull,2
2022-04-14,-0.00016525102416337645,0.010398389064087375,1,Volatile,1
2022-04-18,-0.000758609179762465,0.010019645592171337,1,Volatile,1
2022-04-19,6.600405611909e-05,0.0107030566541915,0,Bull,2
2022-04-20,-0.0005301253774924686,0.010371060476209856,1,Volatile,1
2022-04-21,-0.0006541378629531136,0.010532436360049304,1,Volatile,1
2022-04-22,-0.00275833622151912,0.01153453492437142,1,Volatile,1
2022-04-25,-0.0027267479006224614,0.011557932150073029,1,Volatile,1
2022-04-26,-0.004491311086001992,0.012616947636044335,1,Volatile,1
2022-04-27,-0.004999236114793426,0.012101172413638346,1,Volatile,1
2022-04-28,-0.0034472061024115597,0.013797997832671074,1,Volatile,1
2022-04-29,-0.00447880442207339,0.015432952410553267,1,Volatile,1
2022-05-02,-0.004365553410673628,0.015502047053824417,1,Volatile,1
2022-05-03,-0.004528244025993278,0.015381040190596574,1,Volatile,1
2022-05-04,-0.0024075369316827965,0.017049996519703875,1,Volatile,1
2022-05-05,-0.0037041765315095508,0.01855480460778406,1,Volatile,1
2022-05-06,-0.0042005570550583795,0.01846328523108261,1,Volatile,1
2022-05-09,-0.005669860762573503,0.01947503148379018,1,Volatile,1
2022-05-10,-0.004703101384903119,0.019369022584689574,1,Volatile,1
2022-05-11,-0.005355389374212949,0.01954234172252274,1,Volatile,1
2022-05-12,-0.00597891647936834,0.019182808478268205,1,Volatile,1
2022-05-13,-0.004178224815994868,0.020235069284284715,1,Volatile,1
2022-05-16,-0.004365301448271003,0.020213685797282072,1,Volatile,1
2022-05-17,-0.004159700054304177,0.020451857755553648,1,Volatile,1
2022-05-18,-0.006148539340097759,0.021967268929966196,1,Volatile,1
2022-05-19,-0.0057025810052287905,0.021873731926198067,1,Volatile,1
2022-05-20,-0.004308271204208186,0.021275657147164534,1,Volatile,1
2022-05-23,-0.00366541605693112,0.021782126536694653,1,Volatile,1
2022-05-24,-0.002664140516239688,0.021045370752382705,1,Volatile,1
2022-05-25,-0.0022965046221143925,0.0211966163507374,1,Volatile,1
2022-05-26,-0.002539686817400155,0.020895791126515552,1,Volatile,1
2022-05-27,0.0005116516856760289,0.02015130425856138,1,Volatile,1
2022-05-31,-8.582888582460702e-05,0.020167292358862086,1,Volatile,1
2022-06-01,-0.0007018236389555177,0.02019713916651809,1,Volatile,1
2022-06-02,-0.001273393791251326,0.01943399477595776,1,Volatile,1
2022-06-03,-0.00030827406038175795,0.018068270872204126,1,Volatile,1
2022-06-06,0.0001323072206880993,0.018037946615418524,1,Volatile,1
2022-06-07,0.0022103319109676887,0.016461983006144845,0,Bull,2
2022-06-08,0.001547739749178234,0.016716223112297805,0,Bull,2
2022-06-09,0.0011809654255574731,0.017205518088562455,0,Bull,2
2022-06-10,-0.00020975151592517172,0.018492261696329986,1,Volatile,1
2022-06-13,-0.00334165782034061,0.019477498949360444,1,Volatile,1
2022-06-14,-0.0033330217611626132,0.019477254991683516,1,Volatile,1
2022-06-15,-0.003611878129956636,0.019160403688300895,1,Volatile,1
2022-06-16,-0.0032177126649921783,0.01843108071849371,1,Volatile,1
2022-06-17,-0.002815980290029818,0.018458601458560462,1,Volatile,1
2022-06-21,-0.0015994252645083918,0.019439819547674018,1,Volatile,1
2022-06-22,-0.0025922558767746016,0.018854564006249467,1,Volatile,1
2022-06-23,-0.0017096051254569477,0.01899481054498805,1,Volatile,1
2022-06-24,-0.0006539786828755445,0.020196342708597277,1,Volatile,1
2022-06-27,-0.0017967950679255661,0.019611264898982596,1,Volatile,1
2022-06-28,-0.004041060019475656,0.018972224799122736,1,Volatile,1
2022-06-29,-0.003762928859050657,0.01897853426259349,1,Volatile,1
2022-06-30,-0.0038267543383940007,0.018993842932645794,1,Volatile,1
2022-07-01,-0.004220614538865941,0.01858528721425362,1,Volatile,1
2022-07-05,-0.0033240424135333293,0.0184010962011092,1,Volatile,1
2022-07-06,-0.003302254237957475,0.018409405782947395,1,Volatile,1
2022-07-07,-0.003030194498357136,0.018647587916354513,1,Volatile,1
2022-07-08,-0.0025320107855513084,0.018562154839808182,1,Volatile,1
2022-07-11,-0.0019184491578724927,0.018017002809412076,1,Volatile,1
2022-07-12,-0.000925127926962338,0.016955307595820847,1,Volatile,1
2022-07-13,0.000790448480689021,0.014479859840626509,0,Bull,2
2022-07-14,0.0008292007728811946,0.01446803431727467,0,Bull,2
2022-07-15,0.0010596379979038672,0.014733059722088018,0,Bull,2
2022-07-18,0.002267056993270472,0.01268398487163601,0,Bull,2
2022-07-19,0.0035384282906557206,0.013893667839322107,0,Bull,2
2022-07-20,0.002609356486314535,0.013013163225422172,0,Bull,2
2022-07-21,0.003167503737494426,0.01307583495096125,0,Bull,2
2022-07-22,0.002224269518218197,0.01327149221274667,0,Bull,2
2022-07-25,0.0007618631913248686,0.011474161229302554,0,Bull,2
2022-07-26,0.0003333566349107475,0.011777015289117657,0,Bull,2
2022-07-27,0.0026483221278522373,0.012086579726462952,0,Bull,2
2022-07-28,0.0032905763331692373,0.012238955184984187,0,Bull,2
2022-07-29,0.004438928250698265,0.012125788349759872,0,Bull,2
2022-08-01,0.003770083342886016,0.01213966539996839,0,Bull,2
2022-08-02,0.0033577571396389448,0.01235594040774516,0,Bull,2
2022-08-03,0.0039610227832744425,0.012657860256429048,0,Bull,2
2022-08-04,0.0031739263768095606,0.012424911989098151,0,Bull,2
2022-08-05,0.003134152650313737,0.01243966900988878,0,Bull,2
2022-08-08,0.003648648185259895,0.012006613717995548,0,Bull,2
2022-08-09,0.0038984074764462696,0.011774012057339868,0,Bull,2
2022-08-10,0.005185784484121286,0.012211839622836843,0,Bull,2
2022-08-11,0.005300442481311385,0.012141513833238892,0,Bull,2
2022-08-12,0.005206498452067898,0.012035099053703889,0,Bull,2
2022-08-15,0.005823154126102054,0.011611714937090428,0,Bull,2
2022-08-16,0.004535523529633129,0.010434672044172826,0,Bull,2
2022-08-17,0.0038788434722652363,0.010752970992043412,0,Bull,2
2022-08-18,0.003499252895314953,0.010664300187501257,0,Bull,2
2022-08-19,0.003320876187139893,0.010917067285817506,0,Bull,2
2022-08-22,0.0021851145887556434,0.012238351661088009,0,Bull,2
2022-08-23,0.002650381587972911,0.011860004308994823,0,Bull,2
2022-08-24,0.0014883759211410774,0.010495795822747768,0,Bull,2
2022-08-25,0.0015862892621851088,0.01060885254082326,0,Bull,2
2022-08-26,-0.0008085016779199206,0.01279120775202482,1,Volatile,1
2022-08-29,-0.001000665261535172,0.012851791386420121,1,Volatile,1
2022-08-30,-0.001218953262572342,0.012989357331821895,1,Volatile,1
2022-08-31,-0.002391728376027913,0.012434244387216449,1,Volatile,1
2022-09-01,-0.0022030497666083114,0.012488542352604937,1,Volatile,1
2022-09-02,-0.0026585874865255876,0.012631719307512333,1,Volatile,1
2022-09-06,-0.002801462799524629,0.012630960609896458,1,Volatile,1
2022-09-07,-0.0016719773352082245,0.013476446032780049,1,Volatile,1
2022-09-08,-0.002405973123399935,0.012526233060768537,1,Volatile,1
2022-09-09,-0.0016071269346657757,0.013135048051273236,1,Volatile,1
2022-09-12,-0.001944031734926638,0.012703283000705622,1,Volatile,1
2022-09-13,-0.0043043394999500665,0.015601586413087105,1,Volatile,1
2022-09-14,-0.0042287728815129265,0.015636715429282085,1,Volatile,1
2022-09-15,-0.004432770093025867,0.01570450396521236,1,Volatile,1
2022-09-16,-0.004905354856007865,0.01563425470247086,1,Volatile,1
2022-09-19,-0.003917499763201143,0.015726431522376103,1,Volatile,1
2022-09-20,-0.003411101672083444,0.015290887629305692,1,Volatile,1
2022-09-21,-0.004155033218237003,0.015589818270814092,1,Volatile,1
2022-09-22,-0.004722220289536528,0.015525234300594343,1,Volatile,1
2022-09-23,-0.006288431516212656,0.015101611598052627,1,Volatile,1
2022-09-26,-0.005121054890650822,0.013710425002252651,1,Volatile,1
2022-09-27,-0.004893755091137808,0.013721136659224193,1,Volatile,1
2022-09-28,-0.003358740316253661,0.014682336603749952,1,Volatile,1
2022-09-29,-0.004024210954967039,0.015187957322219614,1,Volatile,1
2022-09-30,-0.004927357344783012,0.015285258271476986,1,Volatile,1
2022-10-03,-0.003096337574250152,0.016682290869611996,1,Volatile,1
2022-10-04,-0.0013623996910808289,0.01829710139421445,1,Volatile,1
2022-10-05,-0.0023803479485717703,0.01769979963502494,1,Volatile,1
2022-10-06,-0.0032231380847765724,0.01765038245887744,1,Volatile,1
2022-10-07,-0.005386891464931892,0.01791437211434743,1,Volatile,1
2022-10-10,-0.006290728285094471,0.017517790602076175,1,Volatile,1
2022-10-11,-0.004454856403951352,0.015214660544138043,1,Volatile,1
2022-10-12,-0.004788745665618294,0.015106399065220502,1,Volatile,1
2022-10-13,-0.0029245765833573745,0.016494918941677546,1,Volatile,1
2022-10-14,-0.003748603059667671,0.0171186659159957,1,Volatile,1
2022-10-17,-0.002767455480373443,0.018281372995023654,1,Volatile,1
2022-10-18,-0.0016324718421809159,0.01842962335585098,1,Volatile,1
2022-10-19,-0.0011102520268142068,0.01811303390537638,1,Volatile,1
2022-10-20,-0.0010864184631579788,0.018103209778787245,1,Volatile,1
2022-10-21,0.0009614534787283135,0.018492985931761605,0,Bull,2
2022-10-24,0.002072578621873411,0.01844572571326246,0,Bull,2
2022-10-25,0.0029919293413190272,0.018682440516489204,0,Bull,2
2022-10-26,0.0016389365413890633,0.018388402971229924,0,Bull,2
2022-10-27,0.002391127904490442,0.0177030745082687,0,Bull,2
2022-10-28,0.00437578158788599,0.017867099761209888,0,Bull,2
2022-10-31,0.0027088666348743075,0.017301070954887067,0,Bull,2
2022-11-01,0.0009746200704574993,0.016053254951239916,0,Bull,2
2022-11-02,-0.00017458173455540127,0.017069283177492612,1,Volatile,1
2022-11-03,-0.00019162730799488493,0.017080035810637887,1,Volatile,1
2022-11-04,0.001889489814847317,0.016015490659699344,0,Bull,2
2022-11-07,0.0027448120925704033,0.015944703928773656,0,Bull,2
2022-11-08,0.0033506655215812587,0.01580375624050298,0,Bull,2
2022-11-09,0.002476309831242518,0.016651543147098425,0,Bull,2
2022-11-10,0.003949751926216516,0.019838297311724228,0,Bull,2
2022-11-11,0.005594922446406631,0.018763093923557975,0,Bull,2
2022-11-14,0.0038241309788580257,0.018355063417857625,0,Bull,2
2022-11-15,0.003688408323049547,0.018305852092264364,0,Bull,2
2022-11-16,0.0036094108628225486,0.018356254876002655,0,Bull,2
2022-11-17,0.0038524902063742207,0.018226845496816944,0,Bull,2
2022-11-18,0.002904178310701716,0.017621854922544686,0,Bull,2
2022-11-21,0.0021158950430542334,0.017551596287487887,0,Bull,2
2022-11-22,0.0019815617104470386,0.017447564501816507,0,Bull,2
2022-11-23,0.0026466819714576484,0.01732471775404803,0,Bull,2
2022-11-25,0.0029366602924865426,0.017219132653851228,0,Bull,2
2022-11-28,0.0009331317520339943,0.016890672356235995,0,Bull,2
2022-11-29,0.001226258690528076,0.016788009230796874,0,Bull,2
2022-11-30,0.002978713840836761,0.017988999595896032,0,Bull,2
2022-12-01,0.004185431422801411,0.016782242435898927,0,Bull,2
2022-12-02,0.004654998014169615,0.016475771903343192,0,Bull,2
2022-12-05,0.003079351166487848,0.017069571829067837,0,Bull,2
2022-12-06,0.0018786923213895523,0.01742654042006671,0,Bull,2
2022-12-07,0.0015056791370389622,0.01742258400408804,0,Bull,2
2022-12-08,0.0029206625826536494,0.016649600669402537,0,Bull,2
2022-12-09,-0.00021854054775882203,0.011280302556831514,1,Volatile,1
2022-12-12,3.338692373924812e-05,0.011555584420457623,0,Bull,2
2022-12-13,0.000844658998118969,0.011461935879716542,0,Bull,2
2022-12-14,0.00010636693889799486,0.011403838877023158,0,Bull,2
2022-12-15,-0.0007271144873881918,0.012593961094759545,1,Volatile,1
2022-12-16,-0.0011295358843156577,0.012800311930964158,1,Volatile,1
2022-12-19,-0.0018178407798490116,0.012837094875628589,1,Volatile,1
2022-12-20,-0.0015717894268557741,0.012842574317711285,1,Volatile,1
2022-12-21,-0.0015073891330953382,0.012925514862381492,1,Volatile,1
2022-12-22,-0.002525708568918539,0.013110939971662957,1,Volatile,1
2022-12-23,-0.002218151232772769,0.013237850204647418,1,Volatile,1
2022-12-27,-0.0016484226926370914,0.012879006127127878,1,Volatile,1
2022-12-28,-0.0021698613418790645,0.013086048960773096,1,Volatile,1
2022-12-29,-0.0028441883795075618,0.011546596631529354,1,Volatile,1
2022-12-30,-0.0029278438427222998,0.011537580075628743,1,Volatile,1
2023-01-03,-0.0030681382622814502,0.01153245408470489,1,Volatile,1
2023-01-04,-0.001796479119350991,0.0112092734038127,1,Volatile,1
2023-01-05,-0.001658795814011793,0.011062274903372134,1,Volatile,1
2023-01-06,-0.0004236382183124054,0.012343291661320956,1,Volatile,1
2023-01-09,-0.0008381089434507605,0.01220080463778612,1,Volatile,1
2023-01-10,-0.00012171837310243628,0.012218977269533247,1,Volatile,1
2023-01-11,-0.00019321195326382212,0.01213417055754529,1,Volatile,1
2023-01-12,-0.00038689988188523314,0.012038984480987423,1,Volatile,1
2023-01-13,0.00011557926799650175,0.011999718987161012,0,Bull,2
2023-01-17,0.001260138459731941,0.010481595551292789,0,Bull,2
2023-01-18,0.001038896073415424,0.010798954428488723,0,Bull,2
2023-01-19,0.0011073543586933242,0.010736071506500239,0,Bull,2
2023-01-20,0.002001407492915652,0.011450679727426173,0,Bull,2
2023-01-23,0.0018520750519621764,0.011292431970074282,0,Bull,2
2023-01-24,0.00253908487410221,0.010647907114489137,0,Bull,2
2023-01-25,0.0022365934948647913,0.01063428175373712,0,Bull,2
2023-01-26,0.002989467273844343,0.010698630350851383,0,Bull,2
2023-01-27,0.003715241238522565,0.010102525907455962,0,Bull,2
2023-01-30,0.0021937376070474413,0.010214180957091222,0,Bull,2
2023-01-31,0.003052898245440178,0.010513281983911693,0,Bull,2
2023-02-01,0.0037755408866321227,0.010499645868750095,0,Bull,2
2023-02-02,0.0041335610200954,0.010753730921855574,0,Bull,2
2023-02-03,0.004198106929260981,0.010657480605312396,0,Bull,2
2023-02-06,0.0027490447269013286,0.00993504448594743,0,Bull,2
2023-02-07,0.003431051884065811,0.010146847933630323,0,Bull,2
2023-02-08,0.0025281040023044767,0.010607630811836546,0,Bull,2
2023-02-09,0.001444142962673639,0.010605082207596312,0,Bull,2
2023-02-10,0.0013831107581401437,0.010596646529844236,0,Bull,2
2023-02-13,0.001755698307101733,0.010821994152918683,0,Bull,2
2023-02-14,0.001843202139952621,0.010796814777975075,0,Bull,2
2023-02-15,0.0027599908494979784,0.009989325623309762,0,Bull,2
2023-02-16,0.002452471289856162,0.0104120112309668,0,Bull,2
2023-02-17,0.001368180946290698,0.009712705035383122,0,Bull,2
2023-02-21,-0.00022794801565892975,0.010486281842979972,1,Volatile,1
2023-02-22,-0.00027105066666248677,0.010490145023940889,1,Volatile,1
2023-02-23,4.507057114550017e-06,0.010564733953741152,0,Bull,2
2023-02-24,-0.0010727631906224222,0.010481837949202023,1,Volatile,1
2023-02-27,-0.0010438550108115285,0.010492986344932771,1,Volatile,1
2023-02-28,-0.0005472180529866366,0.010127568587403143,1,Volatile,1
2023-03-01,-0.001515604809546145,0.009505564158163301,1,Volatile,1
2023-03-02,-0.0016591103024359399,0.009335519261106578,1,Volatile,1
2023-03-03,-0.001586692106613996,0.009473690500654396,1,Volatile,1
2023-03-06,-0.0010346032335570132,0.009255051018508315,1,Volatile,1
2023-03-07,-0.0014939260384361774,0.009737189581825253,1,Volatile,1
2023-03-08,-0.0020668118676533064,0.009167868791374956,1,Volatile,1
2023-03-09,-0.0024357435375375047,0.009683652197747748,1,Volatile,1
2023-03-10,-0.002718160651503315,0.009958412089544804,1,Volatile,1
2023-03-13,-0.002903411790447552,0.009896468284539411,1,Volatile,1
2023-03-14,-0.0026520094835546628,0.010334418833902402,1,Volatile,1
2023-03-15,-0.002987032935227174,0.010362061149351018,1,Volatile,1
2023-03-16,-0.0022475914088936457,0.01128161393188127,1,Volatile,1
2023-03-17,-0.0021091271999404914,0.011148720683564728,1,Volatile,1
2023-03-20,-0.001524836722758599,0.011415434346100659,1,Volatile,1
2023-03-21,0.00012633468489701706,0.010976051213016935,0,Bull,2
2023-03-22,-0.0006181486965943228,0.011585469609453268,1,Volatile,1
2023-03-23,-0.0007353937307292724,0.011533862471361336,1,Volatile,1
2023-03-24,7.347420620386069e-05,0.011376442027284245,0,Bull,2
2023-03-27,2.171693132924091e-06,0.011361111433475124,0,Bull,2
2023-03-28,7.527960975639014e-05,0.011345225374703082,0,Bull,2
2023-03-29,0.0010234062960322143,0.011709434940760153,0,Bull,2
2023-03-30,0.0009300600611258925,0.011661741491349898,0,Bull,2
2023-03-31,0.0008445003266766449,0.011549957938058903,0,Bull,2
2023-04-03,0.0009950843120123064,0.011567418095236336,0,Bull,2
2023-04-04,0.0014715816636126922,0.011044125149607014,0,Bull,2
2023-04-05,0.0012762234363670854,0.011079681976982177,0,Bull,2
2023-04-06,0.002378149484780884,0.0100628374218766,0,Bull,2
2023-04-10,0.0031518715575053315,0.009261565691846812,0,Bull,2
2023-04-11,0.003225291983767492,0.009228426999033418,0,Bull,2
2023-04-12,0.00219471500713595,0.008812208072984225,0,Bull,2
2023-04-13,0.00320689368508974,0.008865259098907655,0,Bull,2
2023-04-14,0.0022253247005912247,0.008258213598118444,0,Bull,2
2023-04-17,0.0029416054112428812,0.007647657128069058,0,Bull,2
2023-04-18,0.0025384462401260633,0.007527586703244299,0,Bull,2
2023-04-19,0.0018851234453519106,0.007129984091673444,0,Bull,2
2023-04-20,0.0024106572264889436,0.006004999342823454,0,Bull,2
2023-04-21,0.00230659023416806,0.006012560793212081,0,Bull,2
2023-04-24,0.002067178829817351,0.005968016613369303,0,Bull,2
2023-04-25,0.0011942881703912779,0.007185277731098955,0,Bull,2
2023-04-26,0.001080920985310596,0.007248856615002561,0,Bull,2
2023-04-27,0.0013473650274436256,0.00783234476307267,0,Bull,2
2023-04-28,0.0014742616956832544,0.007926825926680788,0,Bull,2
2023-05-01,0.0007331292475846795,0.007320884031039703,0,Bull,2
2023-05-02,-3.112622306245538e-05,0.007778518779085476,0,Bull,2
2023-05-03,-9.119287212878136e-05,0.00782985573576488,0,Bull,2
2023-05-04,-0.00032751096228649245,0.007976100537347486,0,Bull,2
2023-05-05,0.00041726845246791154,0.008990973413969348,0,Bull,2
2023-05-08,0.000390059735808479,0.008989952238115094,0,Bull,2
2023-05-09,0.0001631562958428645,0.009058422963849472,0,Bull,2
2023-05-10,0.0005940987616134596,0.00904819701834874,0,Bull,2
2023-05-11,-0.00015386693772924122,0.008550446801381178,0,Bull,2
2023-05-12,-0.0001295636058168903,0.008545405012284705,0,Bull,2
2023-05-15,-0.00014696322900847325,0.008538392625088025,0,Bull,2
2023-05-16,-0.0005086084124648116,0.008646205680453904,1,Volatile,1
2023-05-17,9.014614035950386e-05,0.00908085441186069,0,Bull,2
2023-05-18,0.0008600259804794841,0.009193596648599903,0,Bull,2
2023-05-19,0.0007425731558580673,0.009208010089272672,0,Bull,2
2023-05-22,0.0007077459323754975,0.009208893317988921,0,Bull,2
2023-05-23,0.0009371875391366524,0.008824824163560015,0,Bull,2
2023-05-24,0.0007633168822354763,0.008957188988790105,0,Bull,2
2023-05-25,0.00022288845940574565,0.008042367874837851,0,Bull,2
2023-05-26,0.0004626826606325851,0.008359644068593863,0,Bull,2
2023-05-30,0.00048281814856789284,0.008357976855303434,0,Bull,2
2023-05-31,0.0007567000848962113,0.008024777199693285,0,Bull,2
2023-06-01,0.0015993380162806713,0.008052368637471066,0,Bull,2
2023-06-02,0.00268699586829807,0.00826492361126269,0,Bull,2
2023-06-05,0.0016630792170264142,0.007432681992568692,0,Bull,2
2023-06-06,0.0017581675992096757,0.0074285383610623,0,Bull,2
2023-06-07,0.0017965381780797375,0.007395990584531738,0,Bull,2
2023-06-08,0.0018817720456215602,0.007438293092960342,0,Bull,2
2023-06-09,0.00202400622225441,0.007393328013574338,0,Bull,2
2023-06-12,0.0025692290044941,0.007514389382426668,0,Bull,2
2023-06-13,0.002767945280111095,0.007577501046828398,0,Bull,2
2023-06-14,0.003127800725065355,0.0072855885400482994,0,Bull,2
2023-06-15,0.003142166143143277,0.007304036405838154,0,Bull,2
2023-06-16,0.002486332734250629,0.007297184051774799,0,Bull,2
2023-06-20,0.0023218707296430163,0.007426393379817885,0,Bull,2
2023-06-21,0.0020518549156708864,0.007605342647515892,0,Bull,2
2023-06-22,0.002798496173770315,0.00693727610238356,0,Bull,2
2023-06-23,0.0027814857522037552,0.0069637557639056,0,Bull,2
2023-06-26,0.0021192647742458103,0.006995216699608891,0,Bull,2
2023-06-27,0.002039603183080596,0.006872186753011425,0,Bull,2
2023-06-28,0.0020210691852337536,0.006878426874497734,0,Bull,2
2023-06-29,0.0025501776293657464,0.006622394127006288,0,Bull,2
2023-06-30,0.0026709051759998157,0.006782631151572385,0,Bull,2
2023-07-03,0.002002717830781586,0.006184257268930795,0,Bull,2
2023-07-05,0.002004480991916013,0.006183059848266971,0,Bull,2
2023-07-06,0.0014906606096952602,0.006567532624002704,0,Bull,2
2023-07-07,0.0015380060677571083,0.006530602944279626,0,Bull,2
2023-07-10,0.0013488252399016022,0.0064430061517682935,0,Bull,2
2023-07-11,0.0016285328157239765,0.006554298767329474,0,Bull,2
2023-07-12,0.0015330370494777423,0.006449392919878162,0,Bull,2
2023-07-13,0.0016099202248075096,0.006525859425704284,0,Bull,2
2023-07-14,0.001517728591845724,0.006550591762959059,0,Bull,2
2023-07-17,0.0011015908465558666,0.006085581291546729,0,Bull,2
2023-07-18,0.0016410355832693012,0.006118292684159776,0,Bull,2
2023-07-19,0.001995686484937048,0.005931981842623109,0,Bull,2
2023-07-20,0.001920105753142043,0.006037782790715121,0,Bull,2
2023-07-21,0.0017507705585150246,0.0060324071437419385,0,Bull,2
2023-07-24,0.0023354186907069306,0.005625347570747634,0,Bull,2
2023-07-25,0.0027004942729475625,0.005391353026166561,0,Bull,2
2023-07-26,0.002119929580372981,0.005010651643510468,0,Bull,2
2023-07-27,0.0018164001115705043,0.005341361805989063,0,Bull,2
2023-07-28,0.0020866150176678255,0.005612668433353414,0,Bull,2
2023-07-31,0.0015466004399080856,0.005075261593065824,0,Bull,2
2023-08-01,0.001354812167867253,0.005161949184801198,0,Bull,2
2023-08-02,0.0007612510217113178,0.006151797140974948,0,Bull,2
2023-08-03,0.001029977896515022,0.005863116249913062,0,Bull,2
2023-08-04,0.0009082292156935123,0.005972515908083657,0,Bull,2
2023-08-07,0.0012391825518050848,0.0062373417818128735,0,Bull,2
2023-08-08,0.0006911578467710012,0.006209831780222506,0,Bull,2
2023-08-09,-3.13403465244777e-05,0.006227400770060906,0,Bull,2
2023-08-10,-0.0004423123221994452,0.00589940266862906,0,Bull,2
2023-08-11,-0.0004445765840354221,0.005899646527786245,0,Bull,2
2023-08-14,-0.00034982192217774546,0.005986916481522308,0,Bull,2
2023-08-15,-0.0012832311539119512,0.00621247461548418,1,Volatile,1
2023-08-16,-0.001778896431227439,0.006301505356391852,1,Volatile,1
2023-08-17,-0.0018266972717341013,0.00634473174774482,1,Volatile,1
2023-08-18,-0.001850337339129049,0.006337172570620481,1,Volatile,1
2023-08-21,-0.0017080856070469275,0.006505900323353186,1,Volatile,1
2023-08-22,-0.0019876926110662164,0.006420906097653535,1,Volatile,1
2023-08-23,-0.0014276766679276575,0.007047026638212114,1,Volatile,1
2023-08-24,-0.00177934209786057,0.007472179628764624,1,Volatile,1
2023-08-25,-0.0019373359357169329,0.007242604011784393,1,Volatile,1
2023-08-28,-0.001697540594991076,0.007438066446031052,1,Volatile,1
2023-08-29,-0.0008388708533029809,0.008265715167724084,1,Volatile,1
2023-08-30,4.4765318689815595e-05,0.0077300278666971815,0,Bull,2
2023-08-31,9.231718510644416e-05,0.0077161517219687115,0,Bull,2
2023-09-01,0.0004472773558590215,0.007617695255713798,0,Bull,2
2023-09-05,-0.00021363616248442073,0.007404840332965074,0,Bull,2
2023-09-06,-0.0003513019778174087,0.007508084691831801,0,Bull,2
2023-09-07,-0.00015992875559685537,0.0073762799069644535,0,Bull,2
2023-09-08,-0.0001011333167433126,0.007384407399314584,0,Bull,2
2023-09-11,0.0002885239570716014,0.007534692385460486,0,Bull,2
2023-09-12,-0.0002837941107549979,0.0075326988191808456,0,Bull,2
2023-09-13,0.00035583297596032405,0.007053502528487901,0,Bull,2
2023-09-14,0.0011550986798476049,0.007015444911123764,0,Bull,2
2023-09-15,0.0009327636843655618,0.0073726526524165,0,Bull,2
2023-09-18,0.0009762634105220768,0.007368501363861576,0,Bull,2
2023-09-19,0.0005247534538136367,0.007263678667156475,0,Bull,2
2023-09-20,0.00019388705235213745,0.0075664176843090744,0,Bull,2
2023-09-21,-0.0011784036511074624,0.007972793413171175,1,Volatile,1
2023-09-22,-0.0006202848418098538,0.007440902567306802,1,Volatile,1
2023-09-25,-0.0007550298891440266,0.007324512692178303,1,Volatile,1
2023-09-26,-0.0018049875764392597,0.007757590741978614,1,Volatile,1
2023-09-27,-0.002518937233129309,0.00677162960601783,1,Volatile,1
2023-09-28,-0.0024159376397788813,0.006888000242266724,1,Volatile,1
2023-09-29,-0.00247156991848127,0.006885530077889586,1,Volatile,1
2023-10-02,-0.002557558003701782,0.006839977285759682,1,Volatile,1
2023-10-03,-0.003035052708039454,0.007279459337610366,1,Volatile,1
2023-10-04,-0.0022809849926087753,0.0076232263260310705,1,Volatile,1
2023-10-05,-0.0021856232037883337,0.007622905763952965,1,Volatile,1
2023-10-06,-0.001666209689138143,0.00821306878734911,1,Volatile,1
2023-10-09,-0.0016871896294698874,0.008191016112711821,1,Volatile,1
2023-10-10,-0.00114199581015883,0.00827262860814781,1,Volatile,1
2023-10-11,-0.0009894270168803788,0.008346708579865811,1,Volatile,1
2023-10-12,-0.0017232446775446997,0.008116991989586361,1,Volatile,1
2023-10-13,-0.0013662069750491833,0.007783989615494286,1,Volatile,1
2023-10-16,-0.0008725528907091607,0.008223980525784647,1,Volatile,1
2023-10-17,-0.000769914612594641,0.00821999380276431,1,Volatile,1
2023-10-18,-0.0009701659000174833,0.008485658545407143,1,Volatile,1
2023-10-19,-0.0005742616046725657,0.00789176320021931,1,Volatile,1
2023-10-20,-0.0010887458667642458,0.008332960465406105,1,Volatile,1
2023-10-23,-0.0013741776160195007,0.008245964034238372,1,Volatile,1
2023-10-24,-0.00027416130533972625,0.007826647372922319,0,Bull,2
2023-10-25,-0.0010026084397626144,0.008431903549523488,1,Volatile,1
2023-10-26,-0.0018888931271939247,0.008598861936644218,1,Volatile,1
2023-10-27,-0.00199342803437525,0.008622040908292801,1,Volatile,1
2023-10-30,-0.0013968952958617943,0.009168410621983326,1,Volatile,1
2023-10-31,-0.0003859438467871512,0.008844290919691187,1,Volatile,1
2023-11-01,-0.00026613162032949054,0.008980618275464161,0,Bull,2
2023-11-02,0.0007419977386657506,0.009938570726717342,0,Bull,2
2023-11-03,0.0006209396005850965,0.00981051781980287,0,Bull,2
2023-11-06,0.0003933965067048628,0.009724168060432262,0,Bull,2
2023-11-07,0.00027500291359951466,0.009676763368638056,0,Bull,2
2023-11-08,0.00011059828615309075,0.009632737669674193,0,Bull,2
2023-11-09,1.8728038122373115e-05,0.009705048078649086,0,Bull,2
2023-11-10,0.001050493037303374,0.010224304882439207,0,Bull,2
2023-11-13,0.00047898262144486223,0.009979273219309788,0,Bull,2
2023-11-14,0.0014376457592820747,0.010807479414205125,0,Bull,2
2023-11-15,0.0021874873883857724,0.0102285986011878,0,Bull,2
2023-11-16,0.0026711511678808196,0.009921586809767437,0,Bull,2
2023-11-17,0.003364517806848999,0.009261906888283124,0,Bull,2
2023-11-20,0.003818310206423664,0.009223711646527808,0,Bull,2
2023-11-21,0.0033539740405340358,0.00927463921685247,0,Bull,2
2023-11-22,0.004274011932966987,0.008287170865258923,0,Bull,2
2023-11-24,0.004895481605266672,0.007438319380919836,0,Bull,2
2023-11-27,0.005037787743750593,0.007268345377702142,0,Bull,2
2023-11-28,0.004486292553987764,0.007128584902572287,0,Bull,2
2023-11-29,0.004115232256664181,0.007212276569487352,0,Bull,2
2023-11-30,0.003779135925256305,0.0070536675002019055,0,Bull,2
2023-12-01,0.003129895180430309,0.0061297310086923466,0,Bull,2
2023-12-04,0.0023897832114301355,0.006226479305549724,0,Bull,2
2023-12-05,0.0022736901040202816,0.006260529735490442,0,Bull,2
2023-12-06,0.001936374017612541,0.006408403244668491,0,Bull,2
2023-12-07,0.0022845376898019245,0.006542878128809933,0,Bull,2
2023-12-08,0.002893504548635606,0.006077288836701989,0,Bull,2
2023-12-11,0.002308907208227928,0.005301886937993451,0,Bull,2
2023-12-12,0.0025806670309007074,0.005271421276812835,0,Bull,2
2023-12-13,0.002309449963269916,0.004454330190958892,0,Bull,2
2023-12-14,0.0023619524837270034,0.004451678428173029,0,Bull,2
2023-12-15,0.002298618639382599,0.004478154636716392,0,Bull,2
2023-12-18,0.002460933404710819,0.004498156648805016,0,Bull,2
2023-12-19,0.0023847398907898554,0.004422535349074354,0,Bull,2
2023-12-20,0.0017515730999927814,0.00578355478025155,0,Bull,2
2023-12-21,0.0020635900300055854,0.00607566401397231,0,Bull,2
2023-12-22,0.002116749272955726,0.0060668002217754485,0,Bull,2
2023-12-26,0.0024260416192357693,0.006005710830303791,0,Bull,2
2023-12-27,0.0024485585800295417,0.0060008466173152005,0,Bull,2
2023-12-28,0.0025143797423936463,0.005968784402985062,0,Bull,2
2023-12-29,0.002183852348817078,0.006076828291022892,0,Bull,2
2024-01-02,0.001607136292362077,0.006252985762690771,0,Bull,2
2024-01-03,0.001476746002574142,0.006431617166311589,0,Bull,2
2024-01-04,0.0013337704240143633,0.006510781252755729,0,Bull,2
2024-01-05,0.0016203648733979724,0.006393076485187102,0,Bull,2
2024-01-08,0.0019276868855956585,0.006845974412244607,0,Bull,2
2024-01-09,0.001649016958103211,0.006866491600295881,0,Bull,2
2024-01-10,0.001736090838454485,0.006907783267372406,0,Bull,2
2024-01-11,0.0014725701835243798,0.0068933191103321915,0,Bull,2
2024-01-12,0.0008275851456776007,0.006269111553455302,0,Bull,2
2024-01-16,0.0005086650096054801,0.006333588554246197,0,Bull,2
2024-01-17,0.00023163262507136517,0.006480001558988484,0,Bull,2
2024-01-18,0.00044547845492114434,0.006696223421909323,0,Bull,2
2024-01-19,0.0007678332022224233,0.007113123632443151,0,Bull,2
2024-01-22,0.0016117628079041157,0.006114508915724627,0,Bull,2
2024-01-23,0.0012427581299423896,0.005775802456092877,0,Bull,2
2024-01-24,0.0012003516241872014,0.005775690866009991,0,Bull,2
2024-01-25,0.0012517854272969808,0.005808592952555158,0,Bull,2
2024-01-26,0.00114767327741922,0.005823862709919709,0,Bull,2
2024-01-29,0.0015070032918260757,0.0059926265158439926,0,Bull,2
2024-01-30,0.0016182945457678289,0.005928234545250017,0,Bull,2
2024-01-31,0.0010960362654625466,0.006971520340477244,0,Bull,2
2024-02-01,0.0021215364221795763,0.007068381544731375,0,Bull,2
2024-02-02,0.002827177790923158,0.007188593215066273,0,Bull,2
2024-02-05,0.0025765766056494166,0.007311652335995262,0,Bull,2
2024-02-06,0.0019863656815052645,0.00678900869860194,0,Bull,2
2024-02-07,0.0024723336136701747,0.006875294766865155,0,Bull,2
2024-02-08,0.0022175641820252113,0.006845063777216584,0,Bull,2
2024-02-09,0.002538234037222531,0.0068528381068287975,0,Bull,2
2024-02-12,0.0024532375774603764,0.006886631248749745,0,Bull,2
2024-02-13,0.0019560918066162613,0.007670833571660939,0,Bull,2
2024-02-14,0.002715924829566668,0.007633773109810448,0,Bull,2
2024-02-15,0.002566724315608343,0.007537042433320568,0,Bull,2
2024-02-16,0.0017108756855059304,0.0073413167410190765,0,Bull,2
2024-02-20,0.0013008933253163101,0.007539188742264351,0,Bull,2
2024-02-21,0.0012180346083670135,0.007529541984876912,0,Bull,2
2024-02-22,0.002233582398648559,0.008743711776463367,0,Bull,2
2024-02-23,0.0019879614995738206,0.00872318455590904,0,Bull,2
2024-02-26,0.0018312131946181143,0.008800934974553573,0,Bull,2
2024-02-27,0.0015386919347790628,0.00869723135754,0,Bull,2
2024-02-28,0.0014858166784845305,0.008714120312722215,0,Bull,2
2024-02-29,0.002552558643921887,0.007693374788031122,0,Bull,2
2024-03-01,0.0023282656807857792,0.007449832450625919,0,Bull,2
2024-03-04,0.0017343802733641,0.007218475843810958,0,Bull,2
2024-03-05,0.0013840421055254792,0.007628264902693025,0,Bull,2
2024-03-06,0.0015255767243410323,0.0076724894443692794,0,Bull,2
2024-03-07,0.0016287102224691041,0.007780616810952868,0,Bull,2
2024-03-08,0.0012737551092559473,0.007990530100812682,0,Bull,2
2024-03-11,0.000930526128610648,0.007935726182149383,0,Bull,2
2024-03-12,0.0015380632077356016,0.008243413960202919,0,Bull,2
2024-03-13,0.0021255495046498376,0.007486112413543795,0,Bull,2
2024-03-14,0.001503006762792586,0.007350064919166062,0,Bull,2
2024-03-15,0.0008877983543330359,0.007483327995230836,0,Bull,2
2024-03-18,0.0014438748214362584,0.00745130345923858,0,Bull,2
2024-03-19,0.0020265984040007067,0.007292097413967198,0,Bull,2
2024-03-20,0.0024085971034939315,0.007448490989910152,0,Bull,2
2024-03-21,0.0015142796626990307,0.006020076972989188,0,Bull,2
2024-03-22,0.0014267728929376667,0.006050565488576187,0,Bull,2
2024-03-25,0.001463362237822119,0.00601951156829571,0,Bull,2
2024-03-26,0.0012380549916006123,0.00609381080509977,0,Bull,2
2024-03-27,0.0017524940708987858,0.006268237401590659,0,Bull,2
2024-03-28,0.0015468636114002788,0.006215419194875499,0,Bull,2
2024-04-01,0.001045792936950074,0.00606937333591696,0,Bull,2
2024-04-02,0.0007435030868375659,0.006331651416560204,0,Bull,2
2024-04-03,0.0013077142492442019,0.005784967959696579,0,Bull,2
2024-04-04,0.00043394227156148824,0.006456299885056158,0,Bull,2
2024-04-05,0.00047369558398049905,0.006522381639160083,0,Bull,2
2024-04-08,0.0007813899842365024,0.006316573499316984,0,Bull,2
2024-04-09,0.0009097765482662445,0.006301923205673981,0,Bull,2
2024-04-10,-0.00012316188325749988,0.0062187128685923035,0,Bull,2
2024-04-11,0.00034530448803881677,0.006425341590857175,0,Bull,2
2024-04-12,-0.0002386753486448956,0.007215261694551643,0,Bull,2
2024-04-15,-0.0005155972218099214,0.007565320076383242,0,Bull,2
2024-04-16,-0.0009343255477243462,0.007397069689419183,1,Volatile,1
2024-04-17,-0.0015058131664625995,0.0073025894997660054,1,Volatile,1
2024-04-18,-0.0020614298681048415,0.006879334868815223,1,Volatile,1
2024-04-19,-0.0026611840445524503,0.006915918221361634,1,Volatile,1
2024-04-22,-0.0021545122485283285,0.007369341482994466,1,Volatile,1
2024-04-23,-0.001403535212359619,0.00801017510892327,1,Volatile,1
2024-04-24,-0.0012528949480403618,0.00801086442228029,1,Volatile,1
2024-04-25,-0.0019132477919927894,0.007691230824617936,1,Volatile,1
2024-04-26,-0.0014586149356145884,0.008135642327262124,1,Volatile,1
2024-04-29,-0.0011990132752793092,0.008199587128930807,1,Volatile,1
2024-04-30,-0.0016235860009639613,0.008731396646858448,1,Volatile,1
2024-05-01,-0.001849914059973068,0.008715977893005135,1,Volatile,1
2024-05-02,-0.0007767753885754347,0.008678362969478916,1,Volatile,1
2024-05-03,-0.0007038981112180931,0.00878875909733946,1,Volatile,1
2024-05-06,-0.00016886036595160637,0.009128991136005514,0,Bull,2
2024-05-07,-0.00017396353445027214,0.009128069685316343,0,Bull,2
2024-05-08,0.00029859371709684555,0.008862989636226278,0,Bull,2
2024-05-09,0.0001809012164988577,0.008778324127372568,0,Bull,2
2024-05-10,0.0009909055735164319,0.008065962042584734,0,Bull,2
2024-05-13,0.0015799081181366692,0.007474152183993569,0,Bull,2
2024-05-14,0.0019246241257914632,0.007456575741985141,0,Bull,2
2024-05-15,0.0027994506561533463,0.007530997674174982,0,Bull,2
2024-05-16,0.002805775272546823,0.007526622731154251,0,Bull,2
2024-05-17,0.0033019413544321417,0.007035199621129088,0,Bull,2
2024-05-20,0.0029111984477291518,0.006934074993242932,0,Bull,2
2024-05-21,0.002438063346384428,0.006598537653143597,0,Bull,2
2024-05-22,0.002292106691355378,0.006682101027075625,0,Bull,2
2024-05-23,0.0021518887347803826,0.006860849672637307,0,Bull,2
2024-05-24,0.0019914837324517044,0.006698131176010983,0,Bull,2
2024-05-28,0.0018450013917689523,0.0067028398405202475,0,Bull,2
2024-05-29,0.0022631747456280382,0.00574043321913031,0,Bull,2
2024-05-30,0.002136194907130573,0.005899020135737399,0,Bull,2
2024-05-31,0.002081166863495154,0.0058351486198864825,0,Bull,2
2024-06-03,0.0015091340064549152,0.0052894112600774985,0,Bull,2
2024-06-04,0.0010679682656696498,0.004866360052050334,0,Bull,2
2024-06-05,0.0015931792641724618,0.005431663823199161,0,Bull,2
2024-06-06,0.0015834802132991099,0.005434841643690142,0,Bull,2
2024-06-07,0.0012731718418662996,0.0054011080620635,0,Bull,2
2024-06-10,0.0013197446328645334,0.005408533728594456,0,Bull,2
2024-06-11,0.0014673289013892698,0.00540396482040001,0,Bull,2
2024-06-12,0.0016506218840012187,0.005583490347814493,0,Bull,2
2024-06-13,0.0011820582825554926,0.00506334706312948,0,Bull,2
2024-06-14,0.0012664486372868822,0.005019967310933783,0,Bull,2
2024-06-17,0.0015914292900010064,0.0052194594782206186,0,Bull,2
2024-06-18,0.0016716761628679465,0.005220872223945328,0,Bull,2
2024-06-20,0.0014202858583054923,0.005299252038805276,0,Bull,2
2024-06-21,0.0014774854942117388,0.0052583842383051175,0,Bull,2
2024-06-24,0.0016932663737130149,0.004955576146568613,0,Bull,2
2024-06-25,0.0015398937450913862,0.0048284958012899115,0,Bull,2
2024-06-26,0.0016060752124556986,0.004818929795132797,0,Bull,2
2024-06-27,0.0020197935991342953,0.004339340773755106,0,Bull,2
2024-06-28,0.0021143627492341776,0.004173371625681095,0,Bull,2
2024-07-01,0.001846747135536919,0.0039392527132444555,0,Bull,2
2024-07-02,0.002100708899328907,0.004051788376504138,0,Bull,2
2024-07-03,0.0022797906652525348,0.004102801223744759,0,Bull,2
2024-07-05,0.0019598464345102484,0.003526424793833606,0,Bull,2
2024-07-08,0.002020672214529462,0.0034975867753246834,0,Bull,2
2024-07-09,0.0021134867978452655,0.0034340433388906125,0,Bull,2
2024-07-10,0.00249484732929528,0.0038828602494268578,0,Bull,2
2024-07-11,0.0019211768214823844,0.0046258247318930815,0,Bull,2
2024-07-12,0.0017718445356039835,0.004446889615292515,0,Bull,2
2024-07-15,0.0017959218741806725,0.004451455596187105,0,Bull,2
2024-07-16,0.002135083683992878,0.00453348788344058,0,Bull,2
2024-07-17,0.0010554871936655553,0.005594273186302459,0,Bull,2
2024-07-18,0.0005386006270821419,0.005919816353216085,0,Bull,2
2024-07-19,0.0003078839428493407,0.00613166633956026,0,Bull,2
2024-07-22,0.0009255922413748785,0.00654192359732564,0,Bull,2
2024-07-23,0.001000945706635842,0.006502094809971473,0,Bull,2
2024-07-24,-0.00035318848188775067,0.008401810321124085,0,Bull,2
2024-07-25,-0.0006889410537908814,0.008454814780145686,1,Volatile,1
2024-07-26,-0.00017978367984313736,0.008853234861341958,0,Bull,2
2024-07-29,6.506445579381182e-05,0.008807181918000256,0,Bull,2
2024-07-30,-0.00031672233465367404,0.00885344322858036,0,Bull,2
2024-07-31,0.00016318170547902078,0.009464084064063844,0,Bull,2
2024-08-01,-0.0007757156646827357,0.009872788693300579,1,Volatile,1
2024-08-02,-0.0019672469670418526,0.010500136403516349,1,Volatile,1
2024-08-05,-0.0035165218347113945,0.012187099136159934,1,Volatile,1
2024-08-06,-0.0030358711375226277,0.012548072767815202,1,Volatile,1
2024-08-07,-0.0039330067951235115,0.012187586601609313,1,Volatile,1
2024-08-08,-0.002342724777110666,0.01352577074133968,1,Volatile,1
2024-08-09,-0.0023849922883552753,0.013501215167454811,1,Volatile,1
2024-08-12,-0.0025241507207332927,0.01345895293240173,1,Volatile,1
2024-08-13,-0.0020012405079925357,0.014015159380559153,1,Volatile,1
2024-08-14,-0.0011136769244640132,0.01378024394539986,1,Volatile,1
2024-08-15,8.380566059865147e-05,0.014201293328216184,1,Volatile,1
2024-08-16,0.0005403079050580684,0.01410325747523091,0,Bull,2
2024-08-19,0.00048682035943324874,0.01406430553842665,0,Bull,2
2024-08-20,0.00046549771900692983,0.014067891792929655,0,Bull,2
2024-08-21,0.001834936248182778,0.012935659139780375,0,Bull,2
2024-08-22,0.0016454269826688462,0.013070323887326969,0,Bull,2
2024-08-23,0.0016650720900324878,0.013085553648989997,0,Bull,2
2024-08-26,0.0014667202489109133,0.013129137996173388,0,Bull,2
2024-08-27,0.0017944886471396749,0.013041782948622599,0,Bull,2
2024-08-28,0.0007060200537824968,0.012716316218984882,0,Bull,2
2024-08-29,0.0013887262500522635,0.012260928243166602,0,Bull,2
2024-08-30,0.002812471882208323,0.011472220455953709,0,Bull,2
2024-09-03,0.003253358081754726,0.01025048717335328,0,Bull,2
2024-09-04,0.0026555266087061546,0.010162854589706907,0,Bull,2
2024-09-05,0.002891358120852061,0.009961794658072754,0,Bull,2
2024-09-06,0.0008762150519310063,0.00974492570326613,0,Bull,2
2024-09-09,0.001221634723578291,0.010005494947724016,0,Bull,2
2024-09-10,0.0014431166573375177,0.010027036390598267,0,Bull,2
2024-09-11,0.0011339889641044266,0.009613922592746385,0,Bull,2
2024-09-12,0.001317567660622554,0.009702631850583872,0,Bull,2
2024-09-13,0.0007812908426742427,0.009119537367476456,0,Bull,2
2024-09-16,0.0007446333630942381,0.00911589676082052,0,Bull,2
2024-09-17,0.00027174663030351545,0.00886759838089343,0,Bull,2
2024-09-18,0.0002261516070934666,0.008882142788882792,0,Bull,2
2024-09-19,0.0008630104239925329,0.009611732372751827,0,Bull,2
2024-09-20,0.0012125993316423889,0.009360563844766901,0,Bull,2
2024-09-23,0.0007788944420630661,0.009055622199924887,0,Bull,2
2024-09-24,0.0010621397189373271,0.009014643985869849,0,Bull,2
2024-09-25,0.0008893174681029903,0.009036991287691582,0,Bull,2
2024-09-26,0.0013900499143579548,0.008913173576233929,0,Bull,2
2024-09-27,0.001329358019411464,0.00892754024963861,0,Bull,2
2024-09-30,0.0010365330597490786,0.008718561705735733,0,Bull,2
2024-10-01,0.001627881424901445,0.007442099760506254,0,Bull,2
2024-10-02,0.0017149281490531632,0.0074124487100977856,0,Bull,2
2024-10-03,0.001781758355219648,0.007373453654553544,0,Bull,2
2024-10-04,0.0030932833179475984,0.006016044027850411,0,Bull,2
2024-10-07,0.0020349786955292546,0.006299548815296959,0,Bull,2
2024-10-08,0.002295812437666367,0.006510268469388808,0,Bull,2
2024-10-09,0.002118231742595955,0.006315491183513935,0,Bull,2
2024-10-10,0.001639960482649494,0.0062486954707039015,0,Bull,2
2024-10-11,0.0016721672917789476,0.006270758209295773,0,Bull,2
2024-10-14,0.001994719147656998,0.0064125680534304124,0,Bull,2
2024-10-15,0.0016010183269801526,0.006756853981312581,0,Bull,2
2024-10-16,0.001979798417933748,0.006703591132032389,0,Bull,2
2024-10-17,0.0011223977356499936,0.005707044592711327,0,Bull,2
2024-10-18,0.001418026742353623,0.00569312596673711,0,Bull,2
2024-10-21,0.0011864246148951374,0.005727663182872405,0,Bull,2
2024-10-22,0.0010371229782585646,0.005730231179846292,0,Bull,2
2024-10-23,0.0006706192533621813,0.006144785956940416,0,Bull,2
2024-10-24,0.0005759740680722159,0.00610462556190364,0,Bull,2
2024-10-25,0.0006236625579252364,0.006093298952774621,0,Bull,2
2024-10-28,0.0005444071039680976,0.006054014949329268,0,Bull,2
2024-10-29,0.0010913188211094827,0.005592030623074697,0,Bull,2
2024-10-30,0.0009193875815360963,0.00567511548626189,0,Bull,2
2024-10-31,7.272321256386882e-05,0.007153988266640764,0,Bull,2
2024-11-01,-0.0001711637800185406,0.006913809624443104,0,Bull,2
2024-11-04,0.000167533154360594,0.0065864897331684635,0,Bull,2
2024-11-05,0.00029634800684606445,0.006804110903872749,0,Bull,2
2024-11-06,0.0012054737967929496,0.008710547183405332,0,Bull,2
2024-11-07,0.0016805414251668648,0.008781307093100451,0,Bull,2
2024-11-08,0.001565790711230769,0.008736056700749301,0,Bull,2
2024-11-11,0.0012288605385595897,0.008615830132612483,0,Bull,2
2024-11-12,0.0014647008726128784,0.008423577631426536,0,Bull,2
2024-11-13,0.0012423549610254049,0.008392898379347256,0,Bull,2
2024-11-14,0.0009484262452280401,0.008546537576008793,0,Bull,2
2024-11-15,8.967411571254025e-05,0.009073417267326607,0,Bull,2
2024-11-18,0.0003767033099714434,0.009100493391810013,0,Bull,2
2024-11-19,0.0005986252458141661,0.009132694886668643,0,Bull,2
2024-11-20,0.0010592889603302403,0.008840580592736262,0,Bull,2
2024-11-21,0.001219023436793132,0.008889968119944669,0,Bull,2
2024-11-22,0.0014073937500392153,0.008896011588323115,0,Bull,2
2024-11-25,0.0014258455902344369,0.008899109950927547,0,Bull,2
2024-11-26,0.0016312395102077882,0.008950938817165221,0,Bull,2
2024-11-27,0.001606189303802974,0.008966154607320634,0,Bull,2
2024-11-29,0.0028173136218287154,0.0076269555582713046,0,Bull,2
2024-12-02,0.002735110967962401,0.007621345909957277,0,Bull,2
2024-12-03,0.002898287597603133,0.007530725026576678,0,Bull,2
2024-12-04,0.0025875762665518052,0.00724673644564044,0,Bull,2
2024-12-05,0.0012292910958842662,0.004947559622756597,0,Bull,2
2024-12-06,0.0009825023016189261,0.0047406950929624455,0,Bull,2
2024-12-09,0.00048744993979251696,0.004948158850431735,0,Bull,2
2024-12-10,0.00029080260260536117,0.005005826028597764,0,Bull,2
2024-12-11,0.0008437248875856618,0.005240902200480426,0,Bull,2
2024-12-12,0.0005614123749539346,0.0054244355925855536,0,Bull,2
2024-12-13,0.0008625757827406766,0.005200657222305979,0,Bull,2
2024-12-16,0.0017127179916098466,0.0040406194523660574,0,Bull,2
2024-12-17,0.0013236275235927186,0.004189051865059707,0,Bull,2
2024-12-18,-0.0003491940354109546,0.008013587156556328,0,Bull,2
2024-12-19,-0.0003935471947689118,0.008013879677719155,0,Bull,2
2024-12-20,-0.00011711408335247087,0.008311892805041535,0,Bull,2
2024-12-23,7.385163532463434e-05,0.008441459481124198,0,Bull,2
2024-12-24,0.0004749655827973209,0.008772933828230528,0,Bull,2
2024-12-26,0.00016858236109210667,0.00868661901221056,0,Bull,2
2024-12-27,-0.00019414254309766955,0.00900667621205226,0,Bull,2
2024-12-30,-0.0010096316026267705,0.009190201510815845,1,Volatile,1
